farmer_id,region,farm_size,enrollment_cohort,age,female,household_size,baseline_income_usd,baseline_food_security_score,baseline_farm_output_kg,treatment,group,endline_income_usd,endline_food_security_score,endline_farm_output_kg,income_change_usd,sessions_attended
FRM-0001,North,Large (>3 ha),2024-Q1,43,1,2,91.41,6.64,638.9,1,Treatment,124.93,6.94,725.4,33.52,4.0
FRM-0002,North,Small (<1 ha),2024-Q3,30,1,8,99.75,3.43,168.2,0,Control,26.92,2.12,98.1,-72.83,
FRM-0003,North,Small (<1 ha),2024-Q3,30,0,8,75.73,5.99,215.1,0,Control,20.0,6.04,276.1,-55.73,
FRM-0004,North,Large (>3 ha),2024-Q1,48,0,2,176.13,4.55,726.9,1,Treatment,136.54,5.32,838.9,-39.59,5.0
FRM-0005,North,Medium (1-3 ha),2024-Q1,54,0,5,132.19,4.9,292.3,1,Treatment,157.07,6.2,375.9,24.88,5.0
FRM-0006,Central,Medium (1-3 ha),2023-Q3,47,0,6,131.97,5.67,280.5,0,Control,144.42,5.96,248.7,12.45,
FRM-0007,Central,Medium (1-3 ha),2024-Q3,25,0,2,140.47,4.81,458.2,1,Treatment,136.7,4.91,568.7,-3.77,4.0
FRM-0008,Central,Medium (1-3 ha),2023-Q3,35,1,7,162.45,5.64,276.8,1,Treatment,215.21,6.15,390.5,52.76,6.0
FRM-0009,South,Medium (1-3 ha),2023-Q1,29,0,3,145.22,4.31,279.2,1,Treatment,180.11,4.38,272.5,34.89,4.0
FRM-0010,Central,Large (>3 ha),2023-Q1,39,0,5,137.58,5.16,591.4,0,Control,146.75,5.14,590.7,9.17,
FRM-0011,South,Small (<1 ha),2024-Q3,39,1,8,63.54,3.74,287.3,1,Treatment,91.05,4.05,419.3,27.51,6.0
FRM-0012,North,Medium (1-3 ha),2024-Q3,28,1,2,127.42,4.86,313.0,0,Control,180.27,4.92,435.4,52.85,
FRM-0013,North,Small (<1 ha),2023-Q1,37,0,2,106.47,4.04,245.5,1,Treatment,176.89,4.77,340.9,70.42,3.0
FRM-0014,North,Small (<1 ha),2023-Q3,53,0,5,144.22,6.11,299.6,1,Treatment,96.18,6.42,451.0,-48.04,5.0
FRM-0015,Central,Small (<1 ha),2024-Q1,47,0,5,119.21,4.12,162.3,1,Treatment,108.22,4.03,365.1,-10.99,4.0
FRM-0016,South,Small (<1 ha),2023-Q3,34,0,2,148.57,3.38,202.7,0,Control,200.24,3.72,227.8,51.67,
FRM-0017,North,Large (>3 ha),2023-Q3,33,1,4,181.58,4.92,600.3,1,Treatment,147.18,5.51,670.6,-34.4,6.0
FRM-0018,North,Medium (1-3 ha),2023-Q1,58,0,5,93.89,5.0,354.5,0,Control,104.43,4.72,445.8,10.54,
FRM-0019,Central,Medium (1-3 ha),2024-Q1,37,0,6,150.42,2.04,203.1,0,Control,236.49,2.61,299.7,86.07,
FRM-0020,Central,Small (<1 ha),2023-Q1,50,1,7,56.91,3.37,201.6,0,Control,20.0,3.3,264.2,-36.91,
FRM-0021,North,Large (>3 ha),2024-Q3,37,0,8,154.22,5.97,578.7,0,Control,109.11,6.33,478.2,-45.11,
FRM-0022,Central,Large (>3 ha),2023-Q1,56,1,7,170.96,6.43,531.8,0,Control,193.26,6.81,555.6,22.3,
FRM-0023,Central,Medium (1-3 ha),2023-Q1,23,1,5,147.91,5.04,213.9,1,Treatment,202.86,4.77,338.2,54.95,3.0
FRM-0024,North,Large (>3 ha),2023-Q1,60,0,4,168.08,4.52,459.4,1,Treatment,229.32,4.25,400.1,61.24,6.0
FRM-0025,South,Small (<1 ha),2023-Q3,37,1,5,92.07,2.96,295.5,0,Control,50.82,2.94,316.4,-41.25,
FRM-0026,North,Small (<1 ha),2024-Q1,59,1,3,102.02,6.64,195.7,1,Treatment,105.42,8.58,362.7,3.4,5.0
FRM-0027,Central,Small (<1 ha),2024-Q3,62,1,6,124.35,5.56,50.0,0,Control,119.66,7.11,156.3,-4.69,
FRM-0028,Central,Small (<1 ha),2024-Q3,28,0,5,101.83,4.24,155.8,0,Control,134.52,3.82,148.6,32.69,
FRM-0029,North,Medium (1-3 ha),2023-Q3,44,0,2,100.62,3.88,295.5,0,Control,123.4,3.15,386.7,22.78,
FRM-0030,North,Small (<1 ha),2023-Q3,42,1,2,89.57,5.51,161.7,0,Control,103.3,6.43,94.7,13.73,
FRM-0031,Central,Small (<1 ha),2023-Q1,51,0,2,122.81,3.97,240.5,0,Control,81.37,3.8,275.1,-41.44,
FRM-0032,North,Medium (1-3 ha),2023-Q3,61,0,5,130.25,6.86,307.3,0,Control,115.15,7.41,293.8,-15.1,
FRM-0033,Central,Medium (1-3 ha),2023-Q1,31,0,6,166.92,3.16,314.3,0,Control,227.71,2.61,277.9,60.79,
FRM-0034,Central,Small (<1 ha),2024-Q1,43,0,5,73.23,6.7,229.6,0,Control,52.4,6.25,160.6,-20.83,
FRM-0035,Central,Small (<1 ha),2024-Q3,22,0,4,105.17,5.63,159.6,1,Treatment,111.84,7.13,228.7,6.67,3.0
FRM-0036,Central,Small (<1 ha),2023-Q1,23,1,7,164.92,4.86,50.0,0,Control,167.78,4.08,50.0,2.86,
FRM-0037,Central,Small (<1 ha),2023-Q1,25,0,5,53.47,5.99,182.7,1,Treatment,56.41,6.64,264.1,2.94,5.0
FRM-0038,North,Small (<1 ha),2024-Q1,53,1,3,73.51,6.98,180.9,1,Treatment,137.44,7.93,282.4,63.93,6.0
FRM-0039,South,Medium (1-3 ha),2024-Q1,24,0,4,124.65,5.12,440.8,1,Treatment,117.4,5.37,527.1,-7.25,6.0
FRM-0040,North,Large (>3 ha),2023-Q3,38,1,7,107.37,3.53,695.1,0,Control,110.6,3.05,746.0,3.23,
FRM-0041,Central,Small (<1 ha),2023-Q3,56,0,7,104.52,4.55,165.8,0,Control,124.38,4.23,146.4,19.86,
FRM-0042,Central,Small (<1 ha),2024-Q1,60,0,8,114.91,4.58,222.9,1,Treatment,172.98,4.88,252.3,58.07,4.0
FRM-0043,Central,Small (<1 ha),2023-Q3,37,0,6,163.0,5.45,145.7,1,Treatment,170.76,6.95,235.1,7.76,5.0
FRM-0044,South,Small (<1 ha),2024-Q3,42,0,7,159.12,2.25,307.9,1,Treatment,180.42,3.08,420.3,21.3,5.0
FRM-0045,South,Small (<1 ha),2023-Q1,40,0,4,120.69,2.31,220.1,1,Treatment,138.48,3.5,365.7,17.79,3.0
FRM-0046,North,Large (>3 ha),2024-Q1,62,1,7,213.36,6.23,631.1,0,Control,190.31,8.08,627.0,-23.05,
FRM-0047,Central,Small (<1 ha),2023-Q1,44,0,8,87.02,5.39,223.9,1,Treatment,118.56,6.5,351.5,31.54,4.0
FRM-0048,North,Large (>3 ha),2024-Q1,23,0,2,195.12,3.68,620.1,0,Control,216.12,3.53,567.8,21.0,
FRM-0049,Central,Small (<1 ha),2023-Q3,53,0,7,129.67,2.39,172.6,1,Treatment,189.83,3.62,300.7,60.16,3.0
FRM-0050,North,Large (>3 ha),2023-Q3,55,0,7,107.9,6.33,578.6,1,Treatment,67.72,7.81,667.5,-40.18,5.0
FRM-0051,Central,Medium (1-3 ha),2024-Q3,63,1,2,115.17,3.21,312.6,1,Treatment,125.64,3.77,542.6,10.47,5.0
FRM-0052,North,Large (>3 ha),2024-Q3,39,1,2,190.88,5.4,486.6,0,Control,197.6,4.94,640.8,6.72,
FRM-0053,Central,Large (>3 ha),2023-Q3,49,1,2,125.82,3.63,649.1,1,Treatment,105.55,4.52,770.3,-20.27,6.0
FRM-0054,North,Small (<1 ha),2023-Q1,55,0,7,110.48,4.65,172.5,0,Control,59.58,4.75,160.1,-50.9,
FRM-0055,Central,Medium (1-3 ha),2023-Q3,47,0,5,119.88,6.84,241.7,1,Treatment,127.21,7.38,263.6,7.33,5.0
FRM-0056,Central,Large (>3 ha),2023-Q3,56,0,4,151.34,4.96,718.7,1,Treatment,179.4,5.12,786.3,28.06,4.0
FRM-0057,South,Small (<1 ha),2024-Q3,56,0,3,141.01,2.3,237.6,1,Treatment,164.91,3.02,295.3,23.9,3.0
FRM-0058,Central,Medium (1-3 ha),2024-Q1,25,1,8,193.08,4.6,306.1,1,Treatment,196.77,5.14,451.0,3.69,2.0
FRM-0059,South,Small (<1 ha),2023-Q3,42,1,2,102.83,5.68,50.0,0,Control,129.08,5.66,50.0,26.25,
FRM-0060,South,Large (>3 ha),2023-Q1,55,1,4,186.97,4.8,505.2,0,Control,205.66,4.61,545.7,18.69,
FRM-0061,South,Medium (1-3 ha),2024-Q1,63,1,7,154.91,3.13,434.8,0,Control,170.69,3.08,501.1,15.78,
FRM-0062,North,Medium (1-3 ha),2023-Q1,43,1,3,134.6,5.04,180.5,1,Treatment,146.3,6.15,280.9,11.7,4.0
FRM-0063,South,Small (<1 ha),2023-Q3,55,0,4,141.69,3.71,357.1,1,Treatment,97.89,3.9,536.8,-43.8,4.0
FRM-0064,Central,Small (<1 ha),2023-Q1,49,0,6,99.01,5.64,50.0,1,Treatment,111.71,6.92,97.1,12.7,4.0
FRM-0065,North,Medium (1-3 ha),2023-Q1,22,0,5,64.22,3.66,297.8,0,Control,49.5,2.92,338.4,-14.72,
FRM-0066,South,Small (<1 ha),2023-Q3,44,1,5,57.17,5.85,204.7,0,Control,65.7,6.8,168.4,8.53,
FRM-0067,South,Small (<1 ha),2023-Q3,23,0,4,88.8,2.41,329.2,1,Treatment,115.64,3.42,446.2,26.84,6.0
FRM-0068,Central,Medium (1-3 ha),2023-Q3,55,0,2,175.15,2.21,406.1,0,Control,171.16,1.47,405.2,-3.99,
FRM-0069,Central,Large (>3 ha),2024-Q3,56,0,3,177.31,5.49,560.4,0,Control,150.14,5.22,681.3,-27.17,
FRM-0070,Central,Small (<1 ha),2024-Q1,43,1,5,97.51,6.63,177.2,1,Treatment,130.81,7.73,288.8,33.3,5.0
FRM-0071,North,Medium (1-3 ha),2023-Q1,49,1,5,152.18,2.26,381.5,1,Treatment,187.9,3.09,504.1,35.72,3.0
FRM-0072,North,Small (<1 ha),2023-Q1,59,0,2,44.27,4.8,271.5,0,Control,53.6,3.69,225.6,9.33,
FRM-0073,Central,Large (>3 ha),2024-Q1,25,1,7,138.09,2.15,616.1,0,Control,120.49,1.81,599.1,-17.6,
FRM-0074,South,Small (<1 ha),2024-Q3,30,1,4,84.34,2.4,266.9,1,Treatment,151.07,3.0,463.8,66.73,4.0
FRM-0075,Central,Large (>3 ha),2023-Q1,44,1,7,192.42,2.29,663.1,0,Control,159.97,1.7,653.6,-32.45,
FRM-0076,South,Medium (1-3 ha),2023-Q1,33,0,5,190.03,5.97,375.9,1,Treatment,199.84,6.99,424.7,9.81,4.0
FRM-0077,Central,Small (<1 ha),2024-Q3,36,1,7,135.87,3.46,214.2,1,Treatment,130.87,4.46,325.5,-5.0,5.0
FRM-0078,Central,Small (<1 ha),2023-Q3,46,0,7,85.72,5.85,178.2,0,Control,81.92,5.85,136.6,-3.8,
FRM-0079,Central,Small (<1 ha),2024-Q1,26,1,8,131.28,2.68,197.6,1,Treatment,156.08,2.2,379.5,24.8,3.0
FRM-0080,North,Large (>3 ha),2023-Q1,58,0,4,134.76,6.35,496.1,1,Treatment,185.62,7.39,592.6,50.86,5.0
FRM-0081,South,Medium (1-3 ha),2024-Q1,47,0,7,128.95,4.36,293.9,1,Treatment,164.3,4.66,411.3,35.35,4.0
FRM-0082,South,Small (<1 ha),2024-Q3,59,0,7,118.7,6.07,168.1,0,Control,84.23,5.69,191.8,-34.47,
FRM-0083,Central,Medium (1-3 ha),2023-Q1,29,0,3,162.58,2.61,344.3,1,Treatment,129.32,3.17,360.2,-33.26,3.0
FRM-0084,North,Large (>3 ha),2024-Q3,28,0,7,110.3,3.03,515.6,1,Treatment,145.15,4.42,637.4,34.85,4.0
FRM-0085,North,Large (>3 ha),2024-Q3,49,0,4,95.81,5.68,625.5,0,Control,82.83,5.97,571.1,-12.98,
FRM-0086,Central,Large (>3 ha),2024-Q3,52,1,2,126.94,4.17,470.8,0,Control,102.42,3.5,412.7,-24.52,
FRM-0087,South,Small (<1 ha),2023-Q1,60,0,7,20.0,6.92,171.3,1,Treatment,20.96,7.38,268.0,0.96,4.0
FRM-0088,North,Small (<1 ha),2023-Q1,37,1,5,79.5,4.83,177.8,0,Control,58.89,3.9,131.4,-20.61,
FRM-0089,North,Small (<1 ha),2024-Q1,35,0,5,104.85,6.89,174.0,1,Treatment,135.66,7.76,377.6,30.81,4.0
FRM-0090,North,Medium (1-3 ha),2024-Q3,36,0,3,55.77,5.15,354.4,1,Treatment,79.34,6.14,434.7,23.57,4.0
FRM-0091,North,Medium (1-3 ha),2024-Q1,63,1,2,120.9,2.23,320.8,0,Control,170.46,2.93,401.5,49.56,
FRM-0092,Central,Small (<1 ha),2024-Q1,56,0,5,96.63,3.88,105.5,0,Control,188.08,4.4,164.1,91.45,
FRM-0093,South,Small (<1 ha),2024-Q1,40,0,8,137.54,4.21,247.1,1,Treatment,142.37,4.29,342.4,4.83,3.0
FRM-0094,North,Large (>3 ha),2023-Q3,26,0,5,150.91,6.3,596.3,0,Control,187.43,7.14,581.5,36.52,
FRM-0095,South,Large (>3 ha),2024-Q3,24,0,2,175.43,6.09,606.5,0,Control,123.71,5.34,574.1,-51.72,
FRM-0096,South,Small (<1 ha),2023-Q1,61,1,3,160.13,2.11,75.4,1,Treatment,181.51,3.08,116.1,21.38,5.0
FRM-0097,South,Small (<1 ha),2024-Q1,32,1,4,114.96,3.32,172.5,1,Treatment,65.98,2.85,278.9,-48.98,4.0
FRM-0098,North,Medium (1-3 ha),2023-Q3,54,1,5,106.2,3.58,426.1,1,Treatment,111.54,3.76,567.3,5.34,5.0
FRM-0099,North,Medium (1-3 ha),2024-Q3,55,1,4,134.9,3.97,364.5,0,Control,166.71,3.84,322.9,31.81,
FRM-0100,North,Small (<1 ha),2024-Q1,59,0,7,159.39,5.56,206.0,0,Control,211.47,6.5,202.0,52.08,
FRM-0101,South,Small (<1 ha),2023-Q3,51,1,6,72.18,4.7,206.2,0,Control,68.57,4.98,193.1,-3.61,
FRM-0102,South,Small (<1 ha),2023-Q3,44,0,4,88.83,5.61,73.3,1,Treatment,131.66,5.33,208.2,42.83,5.0
FRM-0103,South,Small (<1 ha),2024-Q1,43,1,4,120.44,6.3,161.3,0,Control,170.15,6.39,229.8,49.71,
FRM-0104,North,Large (>3 ha),2023-Q3,51,0,2,109.35,5.96,569.6,1,Treatment,178.87,7.03,620.4,69.52,4.0
FRM-0105,South,Small (<1 ha),2024-Q1,36,0,6,148.44,4.28,124.3,1,Treatment,158.44,5.53,269.8,10.0,5.0
FRM-0106,Central,Medium (1-3 ha),2024-Q1,42,0,7,163.5,3.27,357.9,0,Control,213.35,3.11,388.8,49.85,
FRM-0107,Central,Medium (1-3 ha),2023-Q3,50,1,2,173.39,4.08,355.9,0,Control,143.18,4.04,322.9,-30.21,
FRM-0108,Central,Small (<1 ha),2024-Q3,25,1,4,85.89,4.33,222.4,0,Control,49.84,3.63,276.1,-36.05,
FRM-0109,North,Large (>3 ha),2024-Q1,64,0,7,136.72,2.22,502.3,1,Treatment,72.35,2.62,424.8,-64.37,4.0
FRM-0110,North,Medium (1-3 ha),2024-Q1,23,0,3,136.26,4.66,316.0,0,Control,180.41,4.94,325.8,44.15,
FRM-0111,South,Medium (1-3 ha),2024-Q3,64,0,2,182.33,6.96,387.4,1,Treatment,177.81,8.18,502.7,-4.52,5.0
FRM-0112,Central,Small (<1 ha),2024-Q1,57,1,7,27.5,5.64,422.9,0,Control,56.99,5.1,433.1,29.49,
FRM-0113,North,Medium (1-3 ha),2024-Q3,54,0,7,192.73,5.49,483.8,1,Treatment,218.37,6.56,501.5,25.64,5.0
FRM-0114,North,Small (<1 ha),2024-Q1,39,0,3,106.67,5.55,128.0,0,Control,118.72,4.43,50.0,12.05,
FRM-0115,Central,Large (>3 ha),2023-Q3,22,1,7,146.45,5.55,609.4,1,Treatment,211.35,5.35,695.9,64.9,6.0
FRM-0116,Central,Large (>3 ha),2023-Q1,46,0,8,168.94,6.2,642.7,1,Treatment,169.92,6.46,691.1,0.98,5.0
FRM-0117,South,Small (<1 ha),2024-Q1,45,0,2,109.32,2.26,215.6,1,Treatment,151.33,3.29,311.4,42.01,4.0
FRM-0118,North,Medium (1-3 ha),2024-Q3,38,0,3,76.74,3.48,279.2,0,Control,20.0,3.04,319.1,-56.74,
FRM-0119,South,Small (<1 ha),2024-Q1,28,1,2,139.63,5.3,242.6,0,Control,130.01,4.95,278.2,-9.62,
FRM-0120,Central,Large (>3 ha),2023-Q1,46,0,8,123.57,4.01,647.7,1,Treatment,132.46,4.78,726.0,8.89,4.0
FRM-0121,North,Medium (1-3 ha),2024-Q1,57,0,7,103.98,2.53,353.5,1,Treatment,138.98,4.2,535.9,35.0,5.0
FRM-0122,Central,Small (<1 ha),2024-Q1,57,1,6,91.84,3.57,110.8,0,Control,162.03,3.75,174.2,70.19,
FRM-0123,Central,Large (>3 ha),2023-Q1,54,1,6,161.72,3.5,607.0,0,Control,82.93,3.65,677.3,-78.79,
FRM-0124,Central,Small (<1 ha),2023-Q3,39,0,8,167.28,2.37,314.1,1,Treatment,140.3,3.03,375.0,-26.98,5.0
FRM-0125,North,Medium (1-3 ha),2023-Q3,34,1,2,23.43,2.91,448.6,0,Control,43.2,3.45,528.5,19.77,
FRM-0126,South,Small (<1 ha),2023-Q1,22,1,8,129.69,6.3,347.8,0,Control,164.18,5.94,280.7,34.49,
FRM-0127,South,Medium (1-3 ha),2024-Q3,60,0,4,143.07,5.32,284.0,0,Control,156.5,5.96,281.1,13.43,
FRM-0128,Central,Large (>3 ha),2023-Q3,42,1,8,133.56,5.57,625.2,1,Treatment,140.92,6.49,723.0,7.36,6.0
FRM-0129,South,Medium (1-3 ha),2024-Q1,43,0,8,172.0,2.59,347.6,1,Treatment,111.67,3.31,505.5,-60.33,5.0
FRM-0130,North,Small (<1 ha),2023-Q3,29,1,5,138.79,2.56,93.8,0,Control,196.38,1.95,143.2,57.59,
FRM-0131,South,Small (<1 ha),2024-Q1,25,0,7,114.61,6.45,175.0,0,Control,104.28,5.83,332.4,-10.33,
FRM-0132,Central,Small (<1 ha),2024-Q1,42,0,5,108.74,6.92,142.1,0,Control,100.97,8.67,120.2,-7.77,
FRM-0133,South,Small (<1 ha),2024-Q1,51,0,5,127.29,4.84,225.4,0,Control,47.97,4.56,287.0,-79.32,
FRM-0134,North,Medium (1-3 ha),2024-Q1,58,1,5,110.1,5.19,357.4,1,Treatment,93.54,6.15,335.1,-16.56,5.0
FRM-0135,South,Small (<1 ha),2023-Q3,23,0,5,118.99,5.31,259.6,0,Control,131.3,4.52,370.6,12.31,
FRM-0136,Central,Medium (1-3 ha),2023-Q1,27,0,5,148.66,4.11,353.9,1,Treatment,161.75,3.78,440.5,13.09,3.0
FRM-0137,South,Medium (1-3 ha),2024-Q3,37,1,6,143.15,3.24,434.1,0,Control,146.74,3.87,434.7,3.59,
FRM-0138,South,Medium (1-3 ha),2024-Q3,63,0,6,131.74,3.09,451.0,0,Control,252.95,3.3,422.2,121.21,
FRM-0139,North,Medium (1-3 ha),2024-Q1,53,1,4,128.02,2.36,259.0,1,Treatment,103.96,2.89,335.5,-24.06,4.0
FRM-0140,South,Medium (1-3 ha),2023-Q1,49,1,8,174.9,2.5,310.3,0,Control,174.7,1.41,362.6,-0.2,
FRM-0141,South,Small (<1 ha),2024-Q3,38,0,7,159.06,5.1,340.3,1,Treatment,207.16,6.3,463.6,48.1,4.0
FRM-0142,Central,Small (<1 ha),2024-Q1,26,0,4,24.77,6.36,202.4,0,Control,20.0,5.66,260.5,-4.77,
FRM-0143,North,Small (<1 ha),2024-Q1,39,0,6,55.83,4.46,233.3,0,Control,81.83,4.76,191.3,26.0,
FRM-0144,Central,Small (<1 ha),2024-Q1,49,0,3,130.94,5.39,251.3,0,Control,123.31,5.49,217.0,-7.63,
FRM-0145,South,Medium (1-3 ha),2024-Q1,34,1,2,105.7,3.52,463.1,1,Treatment,121.85,4.31,589.1,16.15,5.0
FRM-0146,North,Small (<1 ha),2023-Q1,50,0,6,100.75,2.62,310.2,0,Control,114.61,2.84,405.2,13.86,
FRM-0147,South,Small (<1 ha),2023-Q3,41,0,8,178.8,5.7,227.6,1,Treatment,242.64,6.65,371.4,63.84,4.0
FRM-0148,South,Large (>3 ha),2023-Q3,39,1,6,193.68,5.96,490.9,0,Control,208.29,6.79,463.3,14.61,
FRM-0149,North,Small (<1 ha),2023-Q3,40,0,2,116.63,5.75,305.1,0,Control,155.04,5.37,277.3,38.41,
FRM-0150,South,Small (<1 ha),2023-Q1,42,0,8,72.41,5.84,176.4,1,Treatment,80.07,6.67,223.5,7.66,6.0
FRM-0151,North,Small (<1 ha),2023-Q3,29,0,3,76.8,2.22,279.5,1,Treatment,46.89,2.63,456.4,-29.91,4.0
FRM-0152,North,Large (>3 ha),2023-Q1,23,1,5,110.99,5.0,398.4,0,Control,115.84,5.82,394.3,4.85,
FRM-0153,North,Small (<1 ha),2023-Q3,39,0,6,31.9,5.25,149.8,1,Treatment,74.18,7.23,313.4,42.28,4.0
FRM-0154,South,Small (<1 ha),2023-Q3,41,0,3,79.12,4.26,233.3,1,Treatment,94.81,5.05,404.5,15.69,5.0
FRM-0155,North,Large (>3 ha),2023-Q3,38,0,6,150.75,2.36,491.1,0,Control,222.55,1.84,548.2,71.8,
FRM-0156,South,Large (>3 ha),2024-Q3,41,0,4,189.56,5.28,814.2,0,Control,181.76,5.88,938.9,-7.8,
FRM-0157,North,Medium (1-3 ha),2024-Q3,37,0,6,57.5,2.59,363.6,1,Treatment,82.52,2.89,447.3,25.02,4.0
FRM-0158,Central,Medium (1-3 ha),2024-Q1,55,1,4,131.63,5.7,346.3,1,Treatment,176.45,7.27,439.8,44.82,6.0
FRM-0159,Central,Medium (1-3 ha),2024-Q3,38,0,7,68.71,5.25,438.5,0,Control,108.6,5.82,527.2,39.89,
FRM-0160,North,Medium (1-3 ha),2023-Q1,61,0,4,100.0,6.41,363.7,1,Treatment,75.57,7.16,351.0,-24.43,5.0
FRM-0161,South,Small (<1 ha),2023-Q1,54,0,7,102.81,2.74,404.5,0,Control,129.63,3.44,352.3,26.82,
FRM-0162,Central,Small (<1 ha),2024-Q3,55,0,7,143.13,4.08,72.1,0,Control,150.19,4.56,50.0,7.06,
FRM-0163,North,Medium (1-3 ha),2023-Q3,22,0,8,71.73,6.6,239.8,1,Treatment,133.65,6.99,311.5,61.92,4.0
FRM-0164,Central,Medium (1-3 ha),2023-Q1,34,0,5,107.45,5.81,353.9,1,Treatment,97.72,6.73,498.4,-9.73,5.0
FRM-0165,South,Small (<1 ha),2024-Q3,48,1,5,191.55,2.78,59.3,0,Control,200.3,3.3,50.0,8.75,
FRM-0166,North,Small (<1 ha),2023-Q3,57,0,7,32.67,2.07,168.8,1,Treatment,64.85,4.15,209.3,32.18,5.0
FRM-0167,South,Small (<1 ha),2024-Q1,32,0,6,57.49,5.69,168.9,1,Treatment,105.57,5.46,223.8,48.08,5.0
FRM-0168,South,Small (<1 ha),2024-Q1,40,0,8,120.71,3.7,315.5,0,Control,65.12,4.67,296.8,-55.59,
FRM-0169,North,Medium (1-3 ha),2023-Q1,31,0,7,140.0,6.29,494.3,1,Treatment,138.46,7.05,616.8,-1.54,5.0
FRM-0170,North,Small (<1 ha),2024-Q3,55,0,8,102.96,3.61,143.5,0,Control,121.89,4.18,60.6,18.93,
FRM-0171,South,Large (>3 ha),2023-Q3,47,1,8,135.66,3.95,544.8,1,Treatment,189.28,4.76,593.3,53.62,4.0
FRM-0172,North,Small (<1 ha),2023-Q1,26,0,6,101.75,6.75,294.8,1,Treatment,81.35,8.26,311.9,-20.4,5.0
FRM-0173,Central,Small (<1 ha),2024-Q3,55,1,4,120.87,2.45,226.9,1,Treatment,205.76,2.98,352.0,84.89,5.0
FRM-0174,North,Large (>3 ha),2024-Q1,47,0,4,244.21,4.57,526.7,1,Treatment,231.66,6.52,597.1,-12.55,4.0
FRM-0175,South,Medium (1-3 ha),2023-Q1,36,1,3,188.35,4.66,318.3,1,Treatment,156.92,4.91,415.0,-31.43,5.0
FRM-0176,Central,Large (>3 ha),2023-Q1,40,0,4,120.62,4.94,607.1,1,Treatment,126.37,5.27,635.9,5.75,5.0
FRM-0177,North,Small (<1 ha),2023-Q3,47,0,2,36.75,5.95,244.8,0,Control,20.0,5.99,329.7,-16.75,
FRM-0178,South,Small (<1 ha),2023-Q3,47,0,2,78.34,6.35,275.6,1,Treatment,90.55,6.92,352.1,12.21,4.0
FRM-0179,South,Large (>3 ha),2023-Q1,34,0,6,199.04,3.94,525.8,1,Treatment,227.44,5.66,552.3,28.4,6.0
FRM-0180,South,Small (<1 ha),2023-Q1,29,0,8,117.55,6.39,177.0,1,Treatment,176.93,7.04,244.7,59.38,5.0
FRM-0181,North,Small (<1 ha),2024-Q1,38,1,7,171.91,6.14,115.9,1,Treatment,151.63,7.07,276.6,-20.28,5.0
FRM-0182,North,Small (<1 ha),2023-Q1,60,1,6,60.24,3.15,157.3,0,Control,38.16,3.84,182.0,-22.08,
FRM-0183,South,Small (<1 ha),2023-Q1,29,0,7,63.79,2.42,100.0,1,Treatment,82.38,2.99,263.2,18.59,6.0
FRM-0184,North,Medium (1-3 ha),2023-Q1,23,0,4,20.0,6.53,430.4,0,Control,20.0,6.58,337.1,0.0,
FRM-0185,South,Medium (1-3 ha),2023-Q3,54,0,8,165.47,2.45,312.4,1,Treatment,208.22,3.22,467.5,42.75,5.0
FRM-0186,Central,Medium (1-3 ha),2023-Q1,52,1,6,188.18,2.32,224.8,1,Treatment,154.46,3.38,330.9,-33.72,5.0
FRM-0187,Central,Small (<1 ha),2024-Q1,42,1,5,117.52,4.32,212.1,1,Treatment,149.65,5.46,372.4,32.13,6.0
FRM-0188,North,Small (<1 ha),2024-Q1,33,0,5,81.52,5.17,50.0,0,Control,47.79,5.13,50.0,-33.73,
FRM-0189,Central,Large (>3 ha),2024-Q3,59,0,3,142.55,4.42,654.1,1,Treatment,173.39,4.58,708.1,30.84,6.0
FRM-0190,Central,Small (<1 ha),2024-Q3,25,0,6,20.0,6.4,233.7,1,Treatment,43.93,6.82,336.8,23.93,5.0
FRM-0191,North,Small (<1 ha),2023-Q3,27,0,6,137.4,4.7,123.6,1,Treatment,167.94,4.82,317.4,30.54,4.0
FRM-0192,South,Small (<1 ha),2023-Q1,30,1,8,73.55,4.3,180.6,0,Control,51.99,3.45,297.3,-21.56,
FRM-0193,Central,Small (<1 ha),2023-Q3,62,0,4,96.95,6.85,136.1,1,Treatment,135.68,6.77,237.1,38.73,6.0
FRM-0194,Central,Small (<1 ha),2024-Q3,27,0,2,88.81,6.44,286.8,1,Treatment,164.72,7.74,319.3,75.91,6.0
FRM-0195,Central,Medium (1-3 ha),2024-Q3,29,1,7,203.25,6.87,230.6,0,Control,251.07,6.22,309.6,47.82,
FRM-0196,Central,Medium (1-3 ha),2023-Q3,63,1,7,140.64,5.43,439.5,1,Treatment,169.65,6.25,418.9,29.01,6.0
FRM-0197,South,Medium (1-3 ha),2023-Q3,23,1,3,160.32,3.09,378.7,0,Control,187.23,3.33,518.8,26.91,
FRM-0198,North,Small (<1 ha),2024-Q1,36,1,7,115.25,3.02,154.6,0,Control,82.82,3.76,104.1,-32.43,
FRM-0199,North,Small (<1 ha),2023-Q3,42,0,5,80.94,6.9,125.2,0,Control,108.87,6.27,103.4,27.93,
FRM-0200,North,Medium (1-3 ha),2024-Q3,55,1,6,165.04,2.39,220.8,1,Treatment,223.76,3.57,206.1,58.72,3.0
FRM-0201,North,Small (<1 ha),2024-Q3,24,0,5,54.61,3.03,261.7,1,Treatment,89.61,3.26,295.3,35.0,5.0
FRM-0202,Central,Small (<1 ha),2024-Q3,51,0,7,20.0,4.9,74.3,1,Treatment,20.0,6.0,267.7,0.0,6.0
FRM-0203,North,Large (>3 ha),2023-Q3,43,1,8,185.66,5.48,609.9,1,Treatment,206.53,5.98,646.2,20.87,6.0
FRM-0204,Central,Small (<1 ha),2023-Q1,27,0,6,105.99,2.71,258.9,0,Control,137.81,1.25,277.3,31.82,
FRM-0205,South,Medium (1-3 ha),2023-Q1,44,1,2,84.19,4.69,357.6,0,Control,77.88,5.19,434.7,-6.31,
FRM-0206,South,Medium (1-3 ha),2024-Q1,22,1,8,187.74,5.54,266.6,0,Control,131.99,5.22,290.0,-55.75,
FRM-0207,North,Small (<1 ha),2023-Q3,34,1,2,129.98,3.28,182.8,0,Control,76.07,3.61,188.7,-53.91,
FRM-0208,North,Small (<1 ha),2023-Q3,37,1,5,103.0,4.84,114.9,0,Control,136.57,4.89,96.3,33.57,
FRM-0209,Central,Large (>3 ha),2024-Q1,57,0,8,163.68,4.72,558.2,0,Control,143.64,5.04,605.2,-20.04,
FRM-0210,Central,Small (<1 ha),2023-Q1,35,0,6,20.0,4.39,255.5,1,Treatment,74.77,5.76,323.6,54.77,6.0
FRM-0211,South,Small (<1 ha),2024-Q1,37,0,4,181.17,4.89,145.9,0,Control,182.3,4.65,143.0,1.13,
FRM-0212,Central,Small (<1 ha),2023-Q1,63,0,6,165.4,5.77,144.3,1,Treatment,201.78,5.72,247.9,36.38,3.0
FRM-0213,Central,Medium (1-3 ha),2023-Q3,51,1,6,161.29,6.68,287.1,0,Control,172.11,6.9,335.4,10.82,
FRM-0214,North,Small (<1 ha),2024-Q3,49,0,4,114.34,6.09,191.0,0,Control,84.1,5.76,201.8,-30.24,
FRM-0215,Central,Medium (1-3 ha),2024-Q1,55,1,7,195.92,6.39,375.5,0,Control,236.68,5.57,351.7,40.76,
FRM-0216,Central,Medium (1-3 ha),2024-Q1,31,1,6,121.97,2.6,392.0,1,Treatment,142.34,3.38,531.2,20.37,4.0
FRM-0217,South,Small (<1 ha),2024-Q1,47,1,6,130.5,5.07,249.6,1,Treatment,207.6,6.22,405.4,77.1,5.0
FRM-0218,North,Medium (1-3 ha),2023-Q3,56,0,8,186.99,4.28,409.1,1,Treatment,212.67,4.49,363.4,25.68,5.0
FRM-0219,Central,Small (<1 ha),2023-Q3,26,0,7,70.69,3.4,187.4,0,Control,84.67,3.81,236.2,13.98,
FRM-0220,Central,Small (<1 ha),2023-Q1,52,1,4,109.04,3.8,147.9,1,Treatment,143.89,5.23,249.7,34.85,3.0
FRM-0221,Central,Large (>3 ha),2024-Q3,57,1,4,160.33,4.89,564.6,0,Control,138.84,6.23,657.7,-21.49,
FRM-0222,Central,Medium (1-3 ha),2023-Q1,40,0,8,175.67,6.12,521.9,1,Treatment,216.93,7.97,652.0,41.26,4.0
FRM-0223,North,Medium (1-3 ha),2023-Q3,57,0,2,124.59,2.19,346.3,1,Treatment,116.28,3.94,397.8,-8.31,4.0
FRM-0224,Central,Small (<1 ha),2024-Q1,28,0,7,130.53,3.69,94.6,1,Treatment,198.76,4.51,223.5,68.23,5.0
FRM-0225,Central,Small (<1 ha),2023-Q1,29,0,6,92.09,5.22,114.0,1,Treatment,132.21,5.91,276.1,40.12,5.0
FRM-0226,North,Medium (1-3 ha),2023-Q3,28,0,4,146.46,2.11,475.7,1,Treatment,133.94,3.08,513.6,-12.52,6.0
FRM-0227,Central,Large (>3 ha),2023-Q3,30,1,3,157.16,5.55,661.1,0,Control,244.57,5.35,642.8,87.41,
FRM-0228,Central,Medium (1-3 ha),2023-Q3,37,1,2,165.9,5.99,394.6,0,Control,139.12,6.08,404.1,-26.78,
FRM-0229,South,Medium (1-3 ha),2024-Q3,40,1,5,161.73,4.59,476.2,1,Treatment,165.31,5.01,580.8,3.58,5.0
FRM-0230,North,Small (<1 ha),2024-Q1,43,0,7,125.9,3.74,141.0,1,Treatment,147.54,4.92,162.2,21.64,5.0
FRM-0231,North,Small (<1 ha),2024-Q1,32,0,8,164.06,5.53,315.7,0,Control,225.45,5.54,237.1,61.39,
FRM-0232,North,Large (>3 ha),2023-Q1,42,1,3,132.69,6.94,623.0,1,Treatment,165.34,7.02,743.1,32.65,6.0
FRM-0233,Central,Medium (1-3 ha),2024-Q1,51,0,5,93.06,5.66,425.9,0,Control,101.09,5.04,437.0,8.03,
FRM-0234,Central,Medium (1-3 ha),2024-Q1,34,0,3,29.36,2.84,353.9,1,Treatment,21.37,2.75,447.3,-7.99,5.0
FRM-0235,Central,Large (>3 ha),2024-Q1,27,0,3,110.68,6.94,669.3,0,Control,51.63,7.44,739.7,-59.05,
FRM-0236,Central,Large (>3 ha),2023-Q3,55,0,4,160.84,5.77,519.0,1,Treatment,189.07,6.41,473.2,28.23,5.0
FRM-0237,Central,Large (>3 ha),2023-Q1,36,0,8,117.44,4.65,715.8,0,Control,137.83,3.97,626.9,20.39,
FRM-0238,Central,Small (<1 ha),2023-Q1,64,0,4,88.23,4.04,367.5,0,Control,46.65,3.17,350.7,-41.58,
FRM-0239,North,Medium (1-3 ha),2023-Q3,43,1,8,29.37,6.31,410.1,0,Control,42.08,5.85,418.1,12.71,
FRM-0240,North,Small (<1 ha),2023-Q3,32,1,6,99.37,2.43,161.9,0,Control,134.29,2.05,213.5,34.92,
FRM-0241,South,Small (<1 ha),2024-Q3,27,0,8,110.65,2.87,177.1,1,Treatment,93.41,3.36,405.1,-17.24,4.0
FRM-0242,North,Medium (1-3 ha),2023-Q3,41,0,8,65.47,6.84,429.2,1,Treatment,83.15,7.19,499.2,17.68,5.0
FRM-0243,Central,Large (>3 ha),2023-Q1,39,0,2,144.53,2.25,473.5,0,Control,94.7,3.13,431.9,-49.83,
FRM-0244,North,Small (<1 ha),2023-Q1,60,0,5,153.21,4.55,222.2,1,Treatment,243.25,6.77,450.9,90.04,4.0
FRM-0245,Central,Medium (1-3 ha),2023-Q3,52,1,6,100.32,3.53,346.4,1,Treatment,104.71,4.74,362.8,4.39,5.0
FRM-0246,North,Medium (1-3 ha),2023-Q1,57,1,7,88.39,6.34,419.7,0,Control,135.17,5.92,302.2,46.78,
FRM-0247,North,Medium (1-3 ha),2024-Q3,38,0,8,146.45,5.01,356.5,0,Control,136.11,4.45,338.6,-10.34,
FRM-0248,North,Medium (1-3 ha),2023-Q1,36,1,3,97.7,5.43,143.8,1,Treatment,129.85,6.53,220.4,32.15,5.0
FRM-0249,North,Small (<1 ha),2023-Q1,46,1,3,110.27,5.57,233.0,0,Control,145.75,5.71,225.7,35.48,
FRM-0250,North,Medium (1-3 ha),2024-Q1,52,0,4,154.54,6.29,379.5,0,Control,104.49,7.3,453.1,-50.05,
FRM-0251,Central,Large (>3 ha),2023-Q3,53,0,3,226.36,3.39,786.4,1,Treatment,228.25,3.69,824.7,1.89,4.0
FRM-0252,North,Small (<1 ha),2023-Q1,27,0,4,91.59,3.82,157.3,1,Treatment,148.95,5.0,291.6,57.36,6.0
FRM-0253,South,Medium (1-3 ha),2023-Q1,45,0,7,161.9,5.69,331.7,0,Control,120.73,5.55,347.8,-41.17,
FRM-0254,Central,Medium (1-3 ha),2023-Q1,50,1,3,164.22,2.66,334.0,1,Treatment,193.26,4.27,367.0,29.04,6.0
FRM-0255,Central,Small (<1 ha),2024-Q1,25,0,5,98.28,6.96,160.8,1,Treatment,167.69,7.81,318.4,69.41,5.0
FRM-0256,South,Small (<1 ha),2024-Q1,26,1,8,88.86,6.08,289.3,1,Treatment,146.25,7.38,439.2,57.39,5.0
FRM-0257,South,Medium (1-3 ha),2024-Q1,56,0,6,102.29,5.56,452.0,1,Treatment,124.93,6.17,575.4,22.64,5.0
FRM-0258,North,Medium (1-3 ha),2024-Q1,37,1,2,149.02,2.58,277.2,1,Treatment,150.83,3.02,292.6,1.81,6.0
FRM-0259,Central,Small (<1 ha),2023-Q1,40,1,3,147.84,2.25,321.5,0,Control,148.98,2.25,258.3,1.14,
FRM-0260,North,Small (<1 ha),2023-Q1,47,1,5,68.71,4.67,177.1,0,Control,46.83,5.15,198.0,-21.88,
FRM-0261,South,Small (<1 ha),2023-Q1,41,0,4,226.7,4.81,125.2,1,Treatment,266.03,4.63,237.0,39.33,3.0
FRM-0262,Central,Small (<1 ha),2024-Q1,34,0,8,67.32,5.53,218.3,0,Control,77.28,4.42,166.8,9.96,
FRM-0263,North,Medium (1-3 ha),2023-Q3,28,1,6,123.66,6.03,316.9,1,Treatment,94.08,6.66,488.6,-29.58,4.0
FRM-0264,Central,Large (>3 ha),2024-Q1,46,0,7,129.92,3.06,506.9,1,Treatment,180.69,4.42,612.0,50.77,5.0
FRM-0265,Central,Medium (1-3 ha),2023-Q3,22,1,4,224.88,4.24,355.9,1,Treatment,230.23,5.45,422.0,5.35,4.0
FRM-0266,Central,Small (<1 ha),2024-Q1,28,0,3,20.0,2.64,232.8,0,Control,20.0,2.78,310.7,0.0,
FRM-0267,North,Medium (1-3 ha),2024-Q1,23,1,6,118.17,4.01,346.9,0,Control,103.39,3.45,401.1,-14.78,
FRM-0268,North,Large (>3 ha),2023-Q1,64,1,7,168.38,2.88,611.2,1,Treatment,175.1,4.56,668.1,6.72,4.0
FRM-0269,North,Small (<1 ha),2023-Q1,26,1,3,135.62,5.44,126.7,1,Treatment,184.54,5.17,301.5,48.92,5.0
FRM-0270,Central,Large (>3 ha),2023-Q1,48,1,7,133.48,5.41,736.9,1,Treatment,112.85,5.3,905.3,-20.63,5.0
FRM-0271,North,Large (>3 ha),2023-Q3,62,0,2,147.3,3.58,616.7,1,Treatment,151.04,3.63,655.9,3.74,3.0
FRM-0272,Central,Small (<1 ha),2023-Q1,53,0,4,20.0,2.35,203.8,1,Treatment,30.47,4.2,283.1,10.47,3.0
FRM-0273,Central,Small (<1 ha),2024-Q1,46,0,6,104.52,5.1,242.1,0,Control,112.84,4.94,218.2,8.32,
FRM-0274,South,Small (<1 ha),2024-Q1,57,0,3,119.72,4.58,228.9,0,Control,153.81,4.11,273.4,34.09,
FRM-0275,North,Small (<1 ha),2024-Q1,44,1,4,121.02,5.45,272.9,0,Control,94.04,6.06,275.9,-26.98,
FRM-0276,South,Small (<1 ha),2024-Q3,37,1,3,145.76,2.4,209.4,1,Treatment,232.74,1.83,234.9,86.98,5.0
FRM-0277,South,Small (<1 ha),2023-Q1,35,0,2,181.31,5.78,167.4,0,Control,144.61,6.52,234.7,-36.7,
FRM-0278,Central,Medium (1-3 ha),2023-Q3,29,1,2,156.55,6.81,489.7,0,Control,91.86,7.0,408.4,-64.69,
FRM-0279,Central,Small (<1 ha),2023-Q1,35,0,8,141.81,3.42,281.6,1,Treatment,160.01,4.51,433.1,18.2,6.0
FRM-0280,Central,Medium (1-3 ha),2023-Q1,58,1,5,86.69,4.98,313.1,0,Control,123.14,4.04,341.8,36.45,
FRM-0281,Central,Small (<1 ha),2023-Q1,44,0,8,157.25,6.62,137.5,0,Control,220.32,6.58,141.3,63.07,
FRM-0282,South,Small (<1 ha),2024-Q3,28,1,8,105.31,6.75,151.1,1,Treatment,164.58,7.31,204.6,59.27,5.0
FRM-0283,North,Medium (1-3 ha),2023-Q3,59,1,5,157.62,2.56,384.2,0,Control,170.34,2.65,323.0,12.72,
FRM-0284,Central,Small (<1 ha),2024-Q1,50,1,6,160.23,6.14,262.5,1,Treatment,189.92,7.01,398.6,29.69,5.0
FRM-0285,South,Small (<1 ha),2024-Q3,45,1,6,96.58,6.19,242.7,1,Treatment,97.34,7.07,495.3,0.76,5.0
FRM-0286,North,Medium (1-3 ha),2023-Q1,43,0,7,91.27,4.14,368.9,0,Control,98.01,4.09,384.3,6.74,
FRM-0287,South,Small (<1 ha),2024-Q3,42,0,4,79.53,4.11,352.8,1,Treatment,63.75,4.76,499.9,-15.78,4.0
FRM-0288,North,Large (>3 ha),2023-Q1,47,0,3,149.89,5.11,687.5,1,Treatment,145.78,6.73,717.6,-4.11,5.0
FRM-0289,Central,Medium (1-3 ha),2024-Q1,25,1,7,189.03,2.04,424.1,0,Control,219.83,2.18,412.1,30.8,
FRM-0290,Central,Large (>3 ha),2024-Q3,31,0,8,160.4,2.36,586.3,0,Control,111.39,2.4,565.3,-49.01,
FRM-0291,North,Small (<1 ha),2023-Q3,36,0,8,66.37,4.54,289.8,1,Treatment,161.23,5.71,421.8,94.86,6.0
FRM-0292,Central,Medium (1-3 ha),2023-Q1,24,0,6,125.36,5.96,491.6,0,Control,125.59,5.87,409.8,0.23,
FRM-0293,North,Medium (1-3 ha),2023-Q3,41,1,4,42.26,5.28,248.5,1,Treatment,58.6,5.8,332.4,16.34,6.0
FRM-0294,Central,Medium (1-3 ha),2024-Q1,48,0,2,100.05,4.15,416.9,0,Control,120.03,3.38,389.9,19.98,
FRM-0295,Central,Small (<1 ha),2024-Q1,41,0,3,112.56,4.38,208.6,0,Control,171.71,5.05,232.7,59.15,
FRM-0296,North,Small (<1 ha),2023-Q1,59,0,4,128.63,3.16,144.4,0,Control,154.37,3.63,223.3,25.74,
FRM-0297,Central,Medium (1-3 ha),2023-Q1,24,0,3,20.0,3.7,425.3,1,Treatment,57.3,3.25,493.7,37.3,5.0
FRM-0298,Central,Small (<1 ha),2023-Q1,39,1,5,130.61,3.27,214.5,1,Treatment,156.7,4.15,298.8,26.09,4.0
FRM-0299,North,Small (<1 ha),2024-Q1,49,0,2,77.46,5.43,148.6,1,Treatment,130.35,7.75,336.1,52.89,6.0
FRM-0300,Central,Small (<1 ha),2023-Q3,36,0,6,133.69,6.93,237.7,1,Treatment,191.31,8.11,279.8,57.62,4.0
FRM-0301,Central,Medium (1-3 ha),2023-Q3,58,1,8,99.54,3.72,363.2,1,Treatment,179.25,4.0,425.7,79.71,4.0
FRM-0302,Central,Small (<1 ha),2023-Q1,47,0,6,20.0,3.98,50.0,1,Treatment,118.71,5.86,146.4,98.71,5.0
FRM-0303,South,Medium (1-3 ha),2024-Q1,41,1,7,191.83,2.01,309.6,0,Control,199.89,1.72,352.2,8.06,
FRM-0304,North,Medium (1-3 ha),2023-Q3,52,0,3,106.19,4.19,292.2,0,Control,78.97,4.43,232.3,-27.22,
FRM-0305,North,Medium (1-3 ha),2023-Q1,31,0,8,166.33,3.48,226.2,0,Control,158.86,3.96,141.8,-7.47,
FRM-0306,North,Medium (1-3 ha),2023-Q1,49,1,5,100.36,5.65,346.1,0,Control,83.31,4.56,494.0,-17.05,
FRM-0307,North,Small (<1 ha),2023-Q1,31,1,3,79.06,4.0,371.2,1,Treatment,75.18,4.94,471.7,-3.88,6.0
FRM-0308,North,Small (<1 ha),2023-Q3,43,0,5,107.31,3.15,306.9,0,Control,85.71,3.13,288.6,-21.6,
FRM-0309,Central,Medium (1-3 ha),2024-Q3,44,1,3,204.04,2.26,273.6,1,Treatment,251.88,3.4,370.0,47.84,5.0
FRM-0310,North,Medium (1-3 ha),2024-Q1,63,1,4,142.98,3.23,296.2,1,Treatment,160.35,4.83,401.0,17.37,5.0
FRM-0311,Central,Small (<1 ha),2024-Q1,23,1,2,35.91,5.13,50.0,0,Control,20.0,4.06,50.0,-15.91,
FRM-0312,Central,Small (<1 ha),2024-Q3,34,0,7,34.73,3.45,192.6,0,Control,45.15,4.03,232.4,10.42,
FRM-0313,North,Small (<1 ha),2023-Q3,62,0,5,75.34,5.83,230.3,0,Control,62.13,5.47,180.7,-13.21,
FRM-0314,North,Small (<1 ha),2024-Q1,39,1,7,57.93,4.49,177.5,0,Control,80.89,3.47,109.8,22.96,
FRM-0315,Central,Medium (1-3 ha),2024-Q3,25,1,6,140.31,4.57,159.4,0,Control,117.45,2.97,85.3,-22.86,
FRM-0316,Central,Small (<1 ha),2023-Q3,29,1,3,92.78,2.86,211.2,1,Treatment,108.57,3.57,265.2,15.79,3.0
FRM-0317,South,Large (>3 ha),2023-Q1,51,0,3,179.15,4.49,499.4,1,Treatment,230.46,4.08,555.6,51.31,5.0
FRM-0318,Central,Small (<1 ha),2024-Q3,64,0,8,111.74,4.19,81.3,0,Control,85.62,3.75,100.8,-26.12,
FRM-0319,South,Medium (1-3 ha),2023-Q3,23,0,4,101.76,5.66,277.2,0,Control,20.23,5.02,195.6,-81.53,
FRM-0320,Central,Large (>3 ha),2024-Q1,48,0,5,184.55,6.46,694.8,1,Treatment,169.35,6.41,707.2,-15.2,5.0
FRM-0321,Central,Large (>3 ha),2024-Q1,31,1,6,194.73,6.01,780.1,1,Treatment,210.21,6.16,910.0,15.48,4.0
FRM-0322,North,Large (>3 ha),2023-Q3,49,0,8,139.42,6.69,536.9,1,Treatment,185.53,7.64,608.8,46.11,3.0
FRM-0323,Central,Small (<1 ha),2023-Q3,49,1,5,92.32,5.65,114.3,1,Treatment,111.03,6.77,210.4,18.71,5.0
FRM-0324,North,Small (<1 ha),2023-Q3,45,0,7,70.55,2.75,335.1,1,Treatment,146.46,4.14,461.0,75.91,3.0
FRM-0325,North,Medium (1-3 ha),2023-Q1,47,0,4,149.12,2.83,248.1,0,Control,153.54,2.6,221.1,4.42,
FRM-0326,South,Medium (1-3 ha),2024-Q1,63,1,3,151.61,6.59,325.9,0,Control,103.15,6.19,427.5,-48.46,
FRM-0327,Central,Large (>3 ha),2023-Q1,61,0,6,120.67,5.3,675.4,0,Control,98.81,4.84,561.9,-21.86,
FRM-0328,North,Large (>3 ha),2024-Q1,58,0,6,107.42,4.55,558.8,0,Control,125.86,5.49,514.9,18.44,
FRM-0329,Central,Small (<1 ha),2023-Q1,64,0,8,179.2,2.12,120.5,1,Treatment,235.9,3.02,274.1,56.7,5.0
FRM-0330,North,Small (<1 ha),2023-Q1,35,1,7,112.12,3.87,83.6,0,Control,76.65,4.73,66.7,-35.47,
FRM-0331,South,Large (>3 ha),2023-Q3,38,0,7,126.33,3.95,600.6,1,Treatment,119.83,4.27,721.2,-6.5,5.0
FRM-0332,South,Small (<1 ha),2024-Q3,28,1,8,143.45,2.81,210.9,0,Control,152.87,1.5,209.9,9.42,
FRM-0333,Central,Medium (1-3 ha),2024-Q1,59,1,6,138.4,2.02,352.8,0,Control,139.02,1.68,317.5,0.62,
FRM-0334,Central,Small (<1 ha),2024-Q3,29,1,8,166.36,5.53,219.0,0,Control,161.57,4.9,232.5,-4.79,
FRM-0335,North,Small (<1 ha),2024-Q3,54,0,5,83.73,4.44,218.0,0,Control,120.2,3.76,292.6,36.47,
FRM-0336,Central,Medium (1-3 ha),2023-Q3,26,1,3,151.17,4.89,261.8,0,Control,115.53,4.68,196.3,-35.64,
FRM-0337,Central,Large (>3 ha),2024-Q1,25,0,7,138.64,4.33,671.5,0,Control,121.85,4.44,663.3,-16.79,
FRM-0338,South,Medium (1-3 ha),2024-Q1,29,0,6,47.0,3.58,457.9,1,Treatment,110.17,3.43,504.2,63.17,3.0
FRM-0339,South,Small (<1 ha),2023-Q1,59,0,6,128.41,6.02,100.5,0,Control,186.86,6.0,144.7,58.45,
FRM-0340,North,Medium (1-3 ha),2023-Q3,40,0,2,130.22,6.05,373.1,0,Control,175.37,6.01,306.0,45.15,
FRM-0341,North,Medium (1-3 ha),2023-Q3,28,0,7,149.13,4.75,399.1,1,Treatment,145.39,5.93,571.7,-3.74,4.0
FRM-0342,Central,Small (<1 ha),2023-Q1,25,0,7,83.37,3.02,249.5,0,Control,69.73,2.68,269.6,-13.64,
FRM-0343,North,Medium (1-3 ha),2024-Q1,31,0,5,188.87,5.77,360.3,0,Control,227.47,5.61,239.6,38.6,
FRM-0344,Central,Large (>3 ha),2024-Q3,43,0,4,179.1,5.87,645.0,0,Control,140.96,6.35,655.2,-38.14,
FRM-0345,South,Small (<1 ha),2023-Q1,63,0,5,134.95,2.19,176.5,1,Treatment,141.35,1.68,258.0,6.4,6.0
FRM-0346,South,Small (<1 ha),2023-Q3,39,0,5,81.31,6.69,97.6,1,Treatment,54.31,7.75,246.6,-27.0,6.0
FRM-0347,North,Small (<1 ha),2024-Q3,50,1,6,72.41,5.05,193.9,1,Treatment,82.72,5.4,260.0,10.31,6.0
FRM-0348,North,Small (<1 ha),2023-Q3,44,1,2,80.78,4.49,50.0,0,Control,45.86,4.56,172.4,-34.92,
FRM-0349,North,Medium (1-3 ha),2024-Q3,38,0,4,128.47,6.82,455.4,0,Control,136.62,7.17,541.3,8.15,
FRM-0350,Central,Medium (1-3 ha),2024-Q1,24,0,4,191.33,2.03,283.1,0,Control,188.52,2.37,275.7,-2.81,
FRM-0351,South,Medium (1-3 ha),2024-Q3,60,1,2,138.66,5.71,297.6,1,Treatment,155.85,6.21,270.3,17.19,6.0
FRM-0352,Central,Large (>3 ha),2023-Q3,35,0,3,199.05,4.64,674.9,1,Treatment,291.25,7.12,798.6,92.2,5.0
FRM-0353,North,Small (<1 ha),2023-Q1,37,0,2,55.61,3.72,311.4,0,Control,61.9,3.6,276.1,6.29,
FRM-0354,South,Medium (1-3 ha),2023-Q1,44,1,3,165.63,4.35,454.1,0,Control,229.48,2.8,492.8,63.85,
FRM-0355,Central,Small (<1 ha),2023-Q1,39,0,4,40.8,4.15,152.7,1,Treatment,111.75,4.55,262.5,70.95,5.0
FRM-0356,Central,Medium (1-3 ha),2024-Q1,31,0,5,136.55,6.0,467.8,1,Treatment,107.04,6.95,465.5,-29.51,6.0
FRM-0357,South,Large (>3 ha),2024-Q3,53,0,7,180.12,3.06,538.2,1,Treatment,192.49,3.43,592.0,12.37,4.0
FRM-0358,North,Small (<1 ha),2023-Q1,41,0,8,35.17,4.32,136.4,1,Treatment,71.25,4.87,237.5,36.08,6.0
FRM-0359,South,Small (<1 ha),2023-Q3,28,1,6,127.36,6.81,97.7,0,Control,80.36,6.27,139.5,-47.0,
FRM-0360,South,Large (>3 ha),2023-Q3,32,0,7,140.44,4.86,672.1,1,Treatment,127.39,5.91,745.7,-13.05,5.0
FRM-0361,North,Small (<1 ha),2024-Q3,25,0,3,129.16,6.17,218.8,0,Control,161.95,5.72,105.0,32.79,
FRM-0362,North,Small (<1 ha),2024-Q1,47,0,6,134.01,4.85,272.2,1,Treatment,121.51,4.44,436.5,-12.5,6.0
FRM-0363,North,Medium (1-3 ha),2023-Q3,53,0,5,141.83,6.88,274.5,1,Treatment,216.37,8.35,371.0,74.54,4.0
FRM-0364,North,Medium (1-3 ha),2024-Q1,43,1,4,47.81,5.07,291.8,1,Treatment,40.82,6.48,411.1,-6.99,5.0
FRM-0365,South,Medium (1-3 ha),2023-Q3,63,1,3,121.27,4.02,355.2,1,Treatment,158.54,3.87,432.0,37.27,4.0
FRM-0366,North,Medium (1-3 ha),2023-Q1,38,0,2,91.74,6.36,253.2,1,Treatment,105.63,6.95,339.4,13.89,4.0
FRM-0367,North,Small (<1 ha),2023-Q1,61,1,8,79.04,6.48,253.7,1,Treatment,132.19,6.97,403.8,53.15,4.0
FRM-0368,Central,Small (<1 ha),2024-Q1,30,0,6,95.97,3.86,149.9,0,Control,113.58,4.15,191.5,17.61,
FRM-0369,Central,Small (<1 ha),2023-Q3,22,1,8,135.91,6.74,207.2,1,Treatment,150.91,6.64,349.6,15.0,4.0
FRM-0370,North,Small (<1 ha),2024-Q1,62,0,3,59.31,6.42,197.8,1,Treatment,78.83,8.24,344.0,19.52,5.0
FRM-0371,North,Large (>3 ha),2023-Q3,37,0,7,206.29,5.0,761.8,1,Treatment,203.18,5.71,790.9,-3.11,5.0
FRM-0372,Central,Small (<1 ha),2023-Q3,62,1,5,88.88,6.35,339.1,0,Control,60.23,6.67,455.6,-28.65,
FRM-0373,Central,Small (<1 ha),2023-Q3,35,1,8,145.01,3.93,296.3,0,Control,185.9,4.48,211.7,40.89,
FRM-0374,North,Small (<1 ha),2023-Q3,53,0,4,137.01,5.37,184.3,0,Control,160.8,4.38,147.1,23.79,
FRM-0375,North,Medium (1-3 ha),2023-Q1,41,0,2,113.73,5.43,356.3,1,Treatment,185.5,6.81,509.5,71.77,4.0
FRM-0376,Central,Medium (1-3 ha),2024-Q3,23,0,6,58.3,5.25,363.1,0,Control,78.6,5.03,402.8,20.3,
FRM-0377,Central,Large (>3 ha),2024-Q1,47,0,7,149.34,2.45,626.6,0,Control,168.83,2.6,568.1,19.49,
FRM-0378,North,Medium (1-3 ha),2023-Q1,49,1,7,117.39,2.99,447.3,0,Control,192.68,2.1,400.7,75.29,
FRM-0379,North,Medium (1-3 ha),2024-Q3,31,0,8,97.63,2.34,326.7,1,Treatment,119.0,2.83,506.2,21.37,6.0
FRM-0380,North,Small (<1 ha),2023-Q3,25,0,7,126.64,4.29,141.5,0,Control,91.09,4.43,154.2,-35.55,
FRM-0381,Central,Small (<1 ha),2024-Q1,30,0,4,136.97,3.92,295.3,0,Control,174.68,2.94,286.3,37.71,
FRM-0382,Central,Small (<1 ha),2024-Q3,24,1,4,131.94,4.43,179.0,0,Control,194.31,4.54,147.6,62.37,
FRM-0383,South,Medium (1-3 ha),2023-Q3,44,1,8,202.92,6.57,278.3,0,Control,268.1,7.53,193.0,65.18,
FRM-0384,North,Large (>3 ha),2024-Q3,34,0,5,144.02,6.69,724.4,0,Control,99.91,6.91,802.1,-44.11,
FRM-0385,Central,Medium (1-3 ha),2023-Q3,32,1,4,116.18,3.39,428.8,0,Control,80.44,2.79,349.4,-35.74,
FRM-0386,North,Medium (1-3 ha),2023-Q3,63,0,4,198.67,3.54,443.5,0,Control,210.83,3.81,409.7,12.16,
FRM-0387,North,Medium (1-3 ha),2024-Q3,47,1,8,99.52,4.86,322.2,0,Control,112.15,3.65,293.4,12.63,
FRM-0388,Central,Large (>3 ha),2023-Q1,35,0,7,160.48,4.56,435.6,1,Treatment,218.89,4.74,469.5,58.41,4.0
FRM-0389,Central,Small (<1 ha),2024-Q3,40,0,7,203.72,2.6,249.7,0,Control,178.31,1.35,406.7,-25.41,
FRM-0390,North,Medium (1-3 ha),2023-Q3,27,1,6,117.17,3.91,386.0,0,Control,101.46,3.56,422.3,-15.71,
FRM-0391,Central,Small (<1 ha),2024-Q1,58,0,3,84.47,2.56,185.9,0,Control,140.48,2.67,125.3,56.01,
FRM-0392,South,Medium (1-3 ha),2024-Q3,25,0,7,168.88,4.38,239.4,1,Treatment,180.07,4.7,314.2,11.19,3.0
FRM-0393,Central,Small (<1 ha),2024-Q1,60,1,3,144.29,2.66,193.0,0,Control,107.37,2.13,229.5,-36.92,
FRM-0394,South,Small (<1 ha),2023-Q3,47,0,4,189.5,2.29,160.6,0,Control,185.07,2.99,216.7,-4.43,
FRM-0395,North,Medium (1-3 ha),2024-Q1,60,1,3,104.91,6.98,446.0,0,Control,160.06,7.36,445.1,55.15,
FRM-0396,South,Large (>3 ha),2023-Q3,39,0,8,152.41,3.16,607.3,1,Treatment,136.63,3.86,732.6,-15.78,4.0
FRM-0397,North,Small (<1 ha),2024-Q3,38,1,3,117.76,2.03,311.4,1,Treatment,133.06,3.66,493.8,15.3,6.0
FRM-0398,Central,Small (<1 ha),2023-Q1,56,0,4,20.0,2.13,226.2,1,Treatment,20.0,3.92,440.3,0.0,6.0
FRM-0399,South,Large (>3 ha),2023-Q1,30,0,2,174.2,2.88,518.2,0,Control,239.05,2.14,481.1,64.85,
FRM-0400,South,Small (<1 ha),2023-Q1,45,0,4,50.55,3.33,287.3,1,Treatment,113.94,4.51,330.5,63.39,4.0
FRM-0401,North,Small (<1 ha),2024-Q1,33,1,4,147.47,5.08,71.0,1,Treatment,212.34,5.42,238.9,64.87,4.0
FRM-0402,Central,Small (<1 ha),2024-Q3,23,0,7,108.69,5.21,198.0,0,Control,161.27,4.6,160.0,52.58,
FRM-0403,South,Medium (1-3 ha),2024-Q1,28,0,7,183.32,3.81,292.6,1,Treatment,203.89,4.67,328.8,20.57,5.0
FRM-0404,North,Small (<1 ha),2023-Q3,31,1,3,107.98,4.71,285.5,0,Control,110.41,4.59,287.4,2.43,
FRM-0405,North,Small (<1 ha),2023-Q1,60,1,4,100.86,4.33,86.0,0,Control,169.28,3.99,134.7,68.42,
FRM-0406,North,Small (<1 ha),2024-Q3,52,0,6,81.28,4.15,126.2,1,Treatment,126.08,5.4,317.9,44.8,6.0
FRM-0407,Central,Medium (1-3 ha),2023-Q3,51,0,7,153.06,2.07,335.9,1,Treatment,172.26,2.78,426.7,19.2,4.0
FRM-0408,South,Small (<1 ha),2024-Q1,64,1,6,216.34,2.75,143.9,1,Treatment,195.06,3.26,264.6,-21.28,3.0
FRM-0409,Central,Small (<1 ha),2024-Q1,56,0,6,115.11,5.48,173.5,1,Treatment,145.25,7.32,339.7,30.14,3.0
FRM-0410,North,Medium (1-3 ha),2024-Q1,40,1,8,134.97,4.08,251.1,1,Treatment,101.53,4.14,322.7,-33.44,4.0
FRM-0411,Central,Medium (1-3 ha),2023-Q3,39,0,8,125.21,5.31,338.0,0,Control,144.06,5.76,259.7,18.85,
FRM-0412,Central,Medium (1-3 ha),2023-Q1,28,1,3,130.27,2.68,434.7,0,Control,133.85,2.16,537.4,3.58,
FRM-0413,North,Small (<1 ha),2024-Q3,27,0,4,70.61,3.24,57.0,0,Control,82.18,2.85,99.3,11.57,
FRM-0414,South,Small (<1 ha),2023-Q1,23,0,8,179.82,5.06,262.2,0,Control,148.46,4.05,197.0,-31.36,
FRM-0415,South,Medium (1-3 ha),2023-Q3,54,0,4,174.47,5.54,470.5,1,Treatment,176.07,5.25,597.7,1.6,5.0
FRM-0416,Central,Small (<1 ha),2024-Q1,34,0,8,85.52,3.01,220.0,1,Treatment,152.53,2.41,276.3,67.01,4.0
FRM-0417,South,Medium (1-3 ha),2023-Q3,33,0,4,177.03,4.36,338.6,1,Treatment,228.23,5.38,442.2,51.2,5.0
FRM-0418,South,Large (>3 ha),2023-Q1,56,1,6,176.69,3.76,615.1,0,Control,222.04,3.93,626.7,45.35,
FRM-0419,South,Medium (1-3 ha),2024-Q1,35,0,5,116.29,6.68,377.5,1,Treatment,166.34,6.13,471.4,50.05,4.0
FRM-0420,North,Small (<1 ha),2024-Q3,57,0,3,108.39,3.69,199.9,0,Control,136.97,3.81,225.4,28.58,
FRM-0421,Central,Small (<1 ha),2023-Q1,61,0,6,159.45,3.37,205.8,0,Control,131.8,3.42,106.7,-27.65,
FRM-0422,North,Medium (1-3 ha),2023-Q3,49,1,4,185.06,6.35,400.9,1,Treatment,207.12,7.24,638.2,22.06,5.0
FRM-0423,North,Medium (1-3 ha),2024-Q3,25,1,2,148.47,2.49,344.8,0,Control,204.79,1.96,209.6,56.32,
FRM-0424,Central,Medium (1-3 ha),2023-Q3,46,0,5,97.67,3.13,428.3,0,Control,117.57,2.9,354.2,19.9,
FRM-0425,Central,Small (<1 ha),2023-Q1,26,0,5,81.52,4.03,285.7,1,Treatment,72.23,6.24,518.3,-9.29,6.0
FRM-0426,Central,Small (<1 ha),2023-Q1,36,1,6,112.1,4.49,246.1,0,Control,177.29,3.97,259.6,65.19,
FRM-0427,Central,Small (<1 ha),2024-Q3,64,1,7,74.61,5.99,124.6,1,Treatment,74.3,6.82,338.3,-0.31,4.0
FRM-0428,Central,Small (<1 ha),2023-Q1,63,1,2,102.71,4.69,93.9,0,Control,30.7,4.36,50.0,-72.01,
FRM-0429,Central,Large (>3 ha),2024-Q1,31,0,8,231.79,4.89,458.5,0,Control,235.76,4.38,486.5,3.97,
FRM-0430,South,Small (<1 ha),2024-Q3,45,0,3,152.66,5.64,106.9,0,Control,166.98,4.76,115.1,14.32,
FRM-0431,South,Medium (1-3 ha),2023-Q3,56,0,3,234.04,2.48,274.1,0,Control,230.61,1.75,280.8,-3.43,
FRM-0432,South,Large (>3 ha),2024-Q1,30,1,3,154.54,3.78,627.1,1,Treatment,123.93,4.81,749.9,-30.61,3.0
FRM-0433,South,Small (<1 ha),2023-Q1,46,1,5,167.26,2.34,112.9,0,Control,153.27,2.02,122.9,-13.99,
FRM-0434,South,Medium (1-3 ha),2024-Q3,50,0,4,104.6,6.64,340.5,1,Treatment,152.71,6.91,425.1,48.11,4.0
FRM-0435,South,Medium (1-3 ha),2024-Q3,34,1,2,207.43,6.4,386.5,0,Control,181.12,7.76,388.4,-26.31,
FRM-0436,South,Medium (1-3 ha),2023-Q3,63,1,4,115.48,3.85,330.6,0,Control,135.69,2.93,327.9,20.21,
FRM-0437,South,Medium (1-3 ha),2024-Q1,51,1,7,107.88,6.95,320.6,1,Treatment,169.72,7.79,450.1,61.84,4.0
FRM-0438,North,Small (<1 ha),2024-Q3,29,1,3,95.43,2.56,221.8,0,Control,130.24,2.37,232.3,34.81,
FRM-0439,Central,Medium (1-3 ha),2023-Q1,63,1,2,174.53,4.56,461.6,1,Treatment,179.03,5.83,543.6,4.5,5.0
FRM-0440,South,Medium (1-3 ha),2024-Q1,26,0,6,59.02,3.27,210.4,1,Treatment,73.48,3.2,331.5,14.46,3.0
FRM-0441,North,Small (<1 ha),2024-Q3,53,1,5,164.74,3.81,169.1,0,Control,191.87,4.6,101.5,27.13,
FRM-0442,Central,Small (<1 ha),2023-Q1,47,0,8,82.35,2.2,228.8,1,Treatment,121.8,3.05,270.8,39.45,6.0
FRM-0443,South,Medium (1-3 ha),2023-Q1,54,0,3,111.27,4.54,333.9,1,Treatment,151.74,4.69,394.0,40.47,6.0
FRM-0444,South,Medium (1-3 ha),2023-Q1,26,0,3,138.53,5.48,420.4,1,Treatment,144.83,7.07,513.0,6.3,4.0
FRM-0445,North,Medium (1-3 ha),2023-Q3,25,0,5,56.55,4.9,285.1,1,Treatment,90.61,7.31,290.4,34.06,6.0
FRM-0446,Central,Small (<1 ha),2023-Q3,47,0,5,87.13,3.43,255.0,1,Treatment,113.03,4.8,321.6,25.9,4.0
FRM-0447,South,Medium (1-3 ha),2023-Q1,39,0,6,142.22,6.27,329.8,0,Control,193.01,6.64,292.2,50.79,
FRM-0448,North,Small (<1 ha),2023-Q1,28,1,8,91.09,5.89,134.6,0,Control,144.21,6.44,193.4,53.12,
FRM-0449,Central,Small (<1 ha),2024-Q1,37,0,8,93.83,4.06,175.0,0,Control,86.78,4.22,143.6,-7.05,
FRM-0450,Central,Small (<1 ha),2024-Q1,23,0,4,80.18,2.81,117.1,0,Control,82.04,2.71,204.5,1.86,
FRM-0451,Central,Medium (1-3 ha),2024-Q3,27,0,4,94.31,3.35,453.7,1,Treatment,179.9,4.06,487.0,85.59,6.0
FRM-0452,Central,Medium (1-3 ha),2024-Q1,39,1,2,153.18,5.59,292.4,0,Control,210.37,5.59,258.7,57.19,
FRM-0453,South,Medium (1-3 ha),2023-Q1,59,0,2,141.52,5.72,500.3,1,Treatment,182.65,6.35,614.7,41.13,2.0
FRM-0454,South,Small (<1 ha),2023-Q3,59,1,5,87.12,4.43,224.1,0,Control,66.22,5.13,283.8,-20.9,
FRM-0455,North,Small (<1 ha),2023-Q1,64,1,3,74.69,6.92,142.4,0,Control,37.09,7.32,120.7,-37.6,
FRM-0456,North,Small (<1 ha),2024-Q1,49,1,4,65.27,2.84,95.6,1,Treatment,60.18,3.46,219.3,-5.09,6.0
FRM-0457,North,Small (<1 ha),2024-Q3,50,0,6,120.99,6.14,240.5,0,Control,94.25,7.06,267.2,-26.74,
FRM-0458,North,Large (>3 ha),2023-Q1,49,0,6,155.44,6.65,596.7,1,Treatment,196.48,7.87,744.1,41.04,6.0
FRM-0459,North,Small (<1 ha),2024-Q3,61,0,3,117.38,3.38,122.6,0,Control,100.75,3.15,111.7,-16.63,
FRM-0460,South,Medium (1-3 ha),2023-Q1,61,0,8,91.19,4.07,461.1,0,Control,124.21,4.56,514.5,33.02,
FRM-0461,North,Large (>3 ha),2024-Q1,44,1,3,95.53,4.47,410.3,0,Control,74.08,5.28,373.3,-21.45,
FRM-0462,South,Small (<1 ha),2023-Q1,27,0,6,103.37,3.14,266.9,1,Treatment,126.12,3.85,335.8,22.75,6.0
FRM-0463,North,Small (<1 ha),2024-Q3,53,0,7,74.52,2.59,196.1,1,Treatment,63.98,2.9,360.7,-10.54,4.0
FRM-0464,North,Medium (1-3 ha),2024-Q3,52,1,8,121.44,2.83,401.3,0,Control,98.73,3.11,403.7,-22.71,
FRM-0465,South,Small (<1 ha),2024-Q3,56,0,8,85.88,5.86,176.6,1,Treatment,128.09,6.11,274.4,42.21,5.0
FRM-0466,Central,Small (<1 ha),2023-Q1,53,1,3,92.76,6.31,203.4,0,Control,32.49,6.54,88.1,-60.27,
FRM-0467,North,Large (>3 ha),2023-Q1,34,1,4,206.42,3.86,547.6,0,Control,148.17,3.38,526.6,-58.25,
FRM-0468,Central,Medium (1-3 ha),2023-Q3,31,1,2,121.26,6.53,296.7,1,Treatment,154.19,7.32,335.0,32.93,3.0
FRM-0469,North,Small (<1 ha),2024-Q1,48,0,8,106.43,6.71,192.2,0,Control,49.97,8.33,232.1,-56.46,
FRM-0470,South,Small (<1 ha),2023-Q1,30,0,5,80.98,2.59,331.0,1,Treatment,121.61,2.88,426.5,40.63,5.0
FRM-0471,North,Large (>3 ha),2024-Q1,47,1,4,214.38,2.59,604.7,0,Control,161.49,1.66,599.0,-52.89,
FRM-0472,Central,Medium (1-3 ha),2023-Q1,28,1,4,177.86,3.85,268.6,0,Control,170.19,4.38,251.8,-7.67,
FRM-0473,North,Medium (1-3 ha),2024-Q1,41,0,8,122.38,3.58,305.2,0,Control,119.57,3.27,272.5,-2.81,
FRM-0474,Central,Medium (1-3 ha),2023-Q3,28,0,7,50.45,4.22,220.4,0,Control,25.61,3.46,207.9,-24.84,
FRM-0475,Central,Small (<1 ha),2023-Q1,47,1,5,139.21,3.55,214.8,0,Control,132.98,3.95,232.7,-6.23,
FRM-0476,Central,Medium (1-3 ha),2024-Q1,64,1,5,135.1,3.41,395.5,0,Control,130.88,2.94,431.7,-4.22,
FRM-0477,South,Small (<1 ha),2023-Q3,51,0,5,178.54,4.01,211.7,0,Control,191.45,4.66,244.4,12.91,
FRM-0478,North,Small (<1 ha),2024-Q3,42,1,3,132.34,6.76,307.5,1,Treatment,147.33,8.23,458.2,14.99,3.0
FRM-0479,Central,Small (<1 ha),2023-Q3,22,1,2,85.64,5.16,260.7,1,Treatment,149.83,5.44,300.2,64.19,4.0
FRM-0480,South,Small (<1 ha),2023-Q3,36,1,5,122.24,4.97,50.0,0,Control,211.87,5.25,89.2,89.63,
FRM-0481,North,Medium (1-3 ha),2024-Q3,35,1,7,185.64,2.72,317.9,1,Treatment,175.21,3.85,472.1,-10.43,6.0
FRM-0482,South,Small (<1 ha),2024-Q1,44,1,6,53.37,3.04,215.7,0,Control,69.3,3.14,177.9,15.93,
FRM-0483,Central,Small (<1 ha),2023-Q1,33,0,4,104.0,5.06,189.9,1,Treatment,112.07,5.02,235.7,8.07,4.0
FRM-0484,North,Medium (1-3 ha),2024-Q3,43,0,6,121.23,6.68,468.6,1,Treatment,162.63,7.67,559.6,41.4,5.0
FRM-0485,South,Medium (1-3 ha),2023-Q1,64,1,6,121.94,3.39,263.0,1,Treatment,131.94,3.92,334.5,10.0,3.0
FRM-0486,South,Large (>3 ha),2023-Q3,52,1,8,129.88,2.98,654.7,0,Control,164.88,1.85,668.8,35.0,
FRM-0487,South,Small (<1 ha),2023-Q3,62,0,5,103.53,2.39,202.8,1,Treatment,166.18,3.55,204.9,62.65,6.0
FRM-0488,North,Medium (1-3 ha),2024-Q1,60,1,7,62.73,5.13,361.6,1,Treatment,47.33,5.44,424.7,-15.4,3.0
FRM-0489,Central,Large (>3 ha),2023-Q3,61,1,7,211.92,3.88,719.5,1,Treatment,260.52,5.37,808.5,48.6,5.0
FRM-0490,North,Small (<1 ha),2023-Q3,30,0,6,53.33,4.31,165.1,1,Treatment,53.15,4.87,177.9,-0.18,4.0
FRM-0491,South,Large (>3 ha),2023-Q3,60,0,8,168.68,6.54,677.4,1,Treatment,237.03,8.19,726.8,68.35,3.0
FRM-0492,North,Small (<1 ha),2024-Q1,58,0,8,41.02,6.11,103.5,0,Control,48.06,5.54,186.0,7.04,
FRM-0493,Central,Small (<1 ha),2024-Q1,41,0,3,79.97,6.21,239.9,0,Control,106.39,5.05,283.3,26.42,
FRM-0494,Central,Medium (1-3 ha),2023-Q3,60,0,8,68.37,4.99,343.0,1,Treatment,111.14,5.34,507.3,42.77,5.0
FRM-0495,Central,Medium (1-3 ha),2024-Q1,59,0,3,119.23,2.29,382.1,0,Control,102.57,1.61,312.2,-16.66,
FRM-0496,North,Medium (1-3 ha),2024-Q3,23,0,6,96.75,5.19,483.2,1,Treatment,121.2,6.42,551.1,24.45,5.0
FRM-0497,Central,Medium (1-3 ha),2024-Q1,49,0,4,129.27,5.9,302.6,0,Control,134.6,4.53,289.5,5.33,
FRM-0498,Central,Small (<1 ha),2023-Q1,23,0,8,150.38,5.32,190.3,1,Treatment,288.96,5.42,389.2,138.58,4.0
FRM-0499,South,Small (<1 ha),2024-Q1,28,0,5,20.0,5.22,317.9,0,Control,29.44,5.22,421.3,9.44,
FRM-0500,Central,Medium (1-3 ha),2024-Q1,40,1,3,20.0,5.14,399.8,0,Control,20.0,5.71,386.1,0.0,
FRM-0501,South,Large (>3 ha),2023-Q3,43,0,3,127.02,3.15,582.0,0,Control,109.21,2.69,616.8,-17.81,
FRM-0502,Central,Small (<1 ha),2024-Q1,56,0,7,49.98,6.56,300.1,1,Treatment,106.64,7.36,392.4,56.66,5.0
FRM-0503,North,Small (<1 ha),2023-Q1,61,1,4,87.63,6.49,50.0,1,Treatment,141.79,7.27,141.0,54.16,5.0
FRM-0504,North,Large (>3 ha),2023-Q3,63,0,5,128.6,6.55,629.0,0,Control,66.56,6.62,648.6,-62.04,
FRM-0505,Central,Medium (1-3 ha),2024-Q1,50,0,5,132.22,4.29,309.8,0,Control,168.49,4.17,381.7,36.27,
FRM-0506,North,Small (<1 ha),2023-Q3,34,1,8,122.32,2.17,86.7,1,Treatment,97.04,2.99,144.4,-25.28,4.0
FRM-0507,South,Small (<1 ha),2023-Q3,53,0,6,72.87,6.75,336.6,1,Treatment,98.88,8.31,492.6,26.01,5.0
FRM-0508,South,Small (<1 ha),2023-Q1,52,0,5,144.58,5.38,266.8,1,Treatment,154.91,5.55,470.4,10.33,5.0
FRM-0509,North,Small (<1 ha),2023-Q3,42,0,6,150.73,5.32,297.3,1,Treatment,249.93,4.92,369.3,99.2,5.0
FRM-0510,South,Medium (1-3 ha),2023-Q1,37,0,4,155.45,2.44,250.7,1,Treatment,180.37,3.79,397.1,24.92,5.0
FRM-0511,North,Medium (1-3 ha),2023-Q1,22,1,3,141.33,6.7,388.8,0,Control,112.99,7.43,463.9,-28.34,
FRM-0512,North,Medium (1-3 ha),2023-Q3,30,0,6,118.7,2.35,416.6,1,Treatment,195.85,3.17,424.0,77.15,5.0
FRM-0513,Central,Large (>3 ha),2023-Q3,34,1,6,157.44,5.1,605.1,1,Treatment,154.02,5.18,826.6,-3.42,6.0
FRM-0514,Central,Small (<1 ha),2023-Q3,38,0,3,105.5,2.06,150.8,0,Control,102.88,1.27,123.7,-2.62,
FRM-0515,North,Small (<1 ha),2023-Q3,45,1,3,105.63,3.41,50.0,0,Control,104.04,3.12,116.5,-1.59,
FRM-0516,North,Small (<1 ha),2023-Q3,62,0,3,161.32,6.73,308.1,0,Control,149.79,6.7,361.8,-11.53,
FRM-0517,South,Large (>3 ha),2024-Q3,24,0,7,171.93,2.76,767.2,1,Treatment,169.33,3.25,763.9,-2.6,4.0
FRM-0518,Central,Small (<1 ha),2024-Q1,49,0,3,91.92,2.14,245.7,1,Treatment,133.96,2.12,308.0,42.04,6.0
FRM-0519,Central,Small (<1 ha),2023-Q3,26,0,6,112.43,5.32,271.8,1,Treatment,154.85,5.8,370.5,42.42,6.0
FRM-0520,North,Small (<1 ha),2023-Q1,29,0,3,107.74,4.77,215.8,0,Control,100.2,5.12,207.9,-7.54,
FRM-0521,South,Medium (1-3 ha),2024-Q1,63,0,8,142.08,6.22,304.5,0,Control,155.59,6.48,298.7,13.51,
FRM-0522,North,Small (<1 ha),2024-Q1,23,1,3,111.56,3.11,326.4,0,Control,141.87,3.51,348.8,30.31,
FRM-0523,North,Medium (1-3 ha),2023-Q1,35,0,4,96.09,6.36,284.5,0,Control,77.37,7.37,352.2,-18.72,
FRM-0524,North,Medium (1-3 ha),2023-Q3,54,0,6,135.18,3.87,432.8,1,Treatment,159.7,4.83,535.3,24.52,5.0
FRM-0525,North,Small (<1 ha),2023-Q1,54,1,8,153.12,3.44,218.8,1,Treatment,203.9,4.51,218.0,50.78,4.0
FRM-0526,Central,Medium (1-3 ha),2023-Q3,50,0,5,174.66,2.27,343.2,0,Control,116.94,2.11,223.1,-57.72,
FRM-0527,Central,Large (>3 ha),2023-Q1,35,1,3,165.03,4.56,618.8,0,Control,183.62,3.6,631.8,18.59,
FRM-0528,South,Small (<1 ha),2023-Q3,36,1,5,179.09,2.85,212.2,1,Treatment,178.15,3.57,178.2,-0.94,3.0
FRM-0529,Central,Small (<1 ha),2024-Q3,48,0,6,141.67,5.74,83.6,0,Control,154.5,5.63,165.4,12.83,
FRM-0530,Central,Large (>3 ha),2023-Q3,23,0,8,176.12,6.69,726.6,0,Control,155.98,7.36,770.7,-20.14,
FRM-0531,North,Medium (1-3 ha),2023-Q1,37,0,3,172.51,2.01,361.6,0,Control,180.49,1.22,364.4,7.98,
FRM-0532,North,Small (<1 ha),2023-Q3,40,0,4,167.7,3.14,326.9,1,Treatment,183.97,3.56,494.4,16.27,4.0
FRM-0533,North,Small (<1 ha),2024-Q1,54,0,5,126.26,2.95,172.2,0,Control,156.58,3.7,217.7,30.32,
FRM-0534,North,Medium (1-3 ha),2023-Q3,44,0,8,138.43,2.57,247.8,0,Control,156.46,2.93,273.0,18.03,
FRM-0535,North,Medium (1-3 ha),2024-Q3,61,0,5,104.61,4.32,433.7,0,Control,48.14,4.7,412.7,-56.47,
FRM-0536,Central,Small (<1 ha),2023-Q3,51,0,6,24.73,3.83,174.3,1,Treatment,45.28,4.8,289.2,20.55,5.0
FRM-0537,Central,Medium (1-3 ha),2023-Q3,29,0,7,84.03,4.13,255.0,0,Control,118.44,3.92,259.6,34.41,
FRM-0538,Central,Large (>3 ha),2024-Q3,24,1,6,179.9,5.92,652.9,1,Treatment,206.74,7.47,842.4,26.84,6.0
FRM-0539,Central,Medium (1-3 ha),2023-Q1,58,1,5,129.22,2.18,397.9,0,Control,117.17,1.9,388.8,-12.05,
FRM-0540,South,Small (<1 ha),2024-Q3,56,1,6,119.83,6.35,195.5,0,Control,162.01,6.81,119.5,42.18,
FRM-0541,South,Small (<1 ha),2023-Q3,34,0,8,134.64,6.34,208.0,1,Treatment,149.22,7.44,443.1,14.58,3.0
FRM-0542,Central,Medium (1-3 ha),2023-Q3,50,1,8,94.43,6.81,418.9,1,Treatment,95.23,7.82,523.3,0.8,5.0
FRM-0543,South,Large (>3 ha),2023-Q1,63,1,3,112.21,2.43,635.2,0,Control,58.64,2.26,703.3,-53.57,
FRM-0544,North,Large (>3 ha),2024-Q1,41,1,2,170.31,2.6,652.9,1,Treatment,123.25,3.36,750.6,-47.06,3.0
FRM-0545,Central,Small (<1 ha),2023-Q1,57,0,6,81.64,4.44,176.4,1,Treatment,109.61,6.36,348.0,27.97,6.0
FRM-0546,South,Large (>3 ha),2023-Q3,49,0,4,227.87,3.44,508.5,0,Control,238.28,3.92,429.0,10.41,
FRM-0547,South,Small (<1 ha),2023-Q1,44,1,2,96.9,6.91,139.6,0,Control,118.47,7.5,101.1,21.57,
FRM-0548,South,Medium (1-3 ha),2024-Q3,51,0,5,172.89,4.73,273.1,1,Treatment,182.92,5.85,318.2,10.03,4.0
FRM-0549,North,Large (>3 ha),2024-Q1,26,0,6,179.57,5.1,625.7,0,Control,199.59,4.79,503.2,20.02,
FRM-0550,Central,Medium (1-3 ha),2023-Q1,40,0,4,151.01,3.96,403.0,1,Treatment,147.21,4.32,479.6,-3.8,5.0
FRM-0551,North,Small (<1 ha),2023-Q3,35,0,5,120.17,4.01,228.6,1,Treatment,145.53,4.64,411.0,25.36,3.0
FRM-0552,Central,Medium (1-3 ha),2023-Q3,56,0,8,91.36,5.8,171.1,1,Treatment,157.64,6.73,307.1,66.28,4.0
FRM-0553,Central,Large (>3 ha),2023-Q1,34,1,7,192.71,4.16,687.2,1,Treatment,215.22,5.66,802.1,22.51,4.0
FRM-0554,South,Small (<1 ha),2023-Q1,44,0,2,80.99,5.92,108.4,0,Control,91.99,5.53,106.7,11.0,
FRM-0555,North,Medium (1-3 ha),2024-Q1,47,0,6,155.55,3.26,333.4,1,Treatment,147.43,5.03,427.3,-8.12,5.0
FRM-0556,South,Medium (1-3 ha),2023-Q3,61,1,8,109.57,3.27,434.4,1,Treatment,152.62,3.34,441.7,43.05,3.0
FRM-0557,North,Small (<1 ha),2024-Q1,31,0,8,83.58,4.04,202.2,0,Control,57.91,4.2,213.0,-25.67,
FRM-0558,Central,Small (<1 ha),2023-Q1,56,0,7,27.53,4.41,275.0,0,Control,57.49,4.33,352.7,29.96,
FRM-0559,South,Small (<1 ha),2024-Q3,36,0,7,92.38,5.65,203.0,0,Control,96.85,6.61,259.7,4.47,
FRM-0560,South,Large (>3 ha),2024-Q3,52,1,5,89.24,4.1,676.0,0,Control,55.02,4.61,749.5,-34.22,
FRM-0561,Central,Medium (1-3 ha),2023-Q1,25,0,5,60.24,6.83,352.8,1,Treatment,86.17,7.4,400.4,25.93,6.0
FRM-0562,Central,Medium (1-3 ha),2023-Q1,34,0,5,97.69,3.31,267.2,0,Control,97.88,2.53,253.6,0.19,
FRM-0563,North,Small (<1 ha),2024-Q1,40,1,6,110.49,6.28,226.9,0,Control,160.03,6.49,64.9,49.54,
FRM-0564,South,Small (<1 ha),2023-Q1,50,0,5,138.31,3.35,228.1,0,Control,183.72,3.52,258.7,45.41,
FRM-0565,South,Small (<1 ha),2023-Q3,23,0,8,82.54,2.08,174.9,0,Control,71.53,1.0,133.5,-11.01,
FRM-0566,North,Large (>3 ha),2023-Q3,43,0,2,153.44,3.05,634.1,0,Control,182.43,3.57,628.4,28.99,
FRM-0567,Central,Small (<1 ha),2024-Q3,55,0,6,127.02,2.76,267.6,0,Control,76.1,1.99,442.3,-50.92,
FRM-0568,Central,Small (<1 ha),2023-Q1,36,0,3,93.12,5.87,108.0,0,Control,78.16,5.06,50.0,-14.96,
FRM-0569,Central,Medium (1-3 ha),2023-Q1,42,0,5,147.64,3.67,292.8,0,Control,135.42,3.74,347.4,-12.22,
FRM-0570,South,Medium (1-3 ha),2024-Q1,29,0,6,168.43,2.78,501.8,1,Treatment,217.84,4.19,627.8,49.41,4.0
FRM-0571,Central,Small (<1 ha),2023-Q1,36,0,2,81.94,2.67,207.0,1,Treatment,103.74,2.53,358.2,21.8,6.0
FRM-0572,Central,Small (<1 ha),2023-Q1,48,0,8,117.42,2.39,181.0,0,Control,116.39,3.14,188.3,-1.03,
FRM-0573,South,Small (<1 ha),2023-Q3,53,1,5,112.65,6.34,142.4,1,Treatment,164.02,7.21,184.3,51.37,2.0
FRM-0574,North,Small (<1 ha),2023-Q1,43,0,4,63.56,6.94,95.9,1,Treatment,32.65,7.93,195.3,-30.91,6.0
FRM-0575,South,Small (<1 ha),2023-Q3,42,0,3,169.45,5.48,345.0,0,Control,167.39,5.44,441.3,-2.06,
FRM-0576,South,Small (<1 ha),2024-Q3,31,0,5,141.22,2.37,52.9,1,Treatment,131.91,2.68,187.1,-9.31,5.0
FRM-0577,Central,Medium (1-3 ha),2023-Q1,24,0,4,146.47,6.33,297.9,1,Treatment,128.1,7.76,329.7,-18.37,4.0
FRM-0578,North,Small (<1 ha),2023-Q3,26,1,7,131.64,2.13,134.0,0,Control,118.76,2.53,200.1,-12.88,
FRM-0579,Central,Small (<1 ha),2024-Q1,56,0,6,86.83,3.86,124.6,0,Control,52.74,3.75,70.9,-34.09,
FRM-0580,Central,Small (<1 ha),2023-Q3,55,0,7,89.32,4.8,123.8,0,Control,68.35,4.12,151.6,-20.97,
FRM-0581,North,Small (<1 ha),2023-Q1,35,0,6,104.19,2.96,325.9,0,Control,129.2,2.24,366.6,25.01,
FRM-0582,South,Medium (1-3 ha),2024-Q3,23,1,7,103.72,2.73,380.4,1,Treatment,77.83,4.56,590.5,-25.89,5.0
FRM-0583,North,Small (<1 ha),2023-Q1,29,1,4,74.21,2.67,134.5,1,Treatment,91.25,3.91,191.4,17.04,4.0
FRM-0584,South,Large (>3 ha),2023-Q3,28,0,2,133.22,6.3,639.8,1,Treatment,123.34,7.04,720.2,-9.88,4.0
FRM-0585,North,Small (<1 ha),2024-Q3,31,0,5,101.39,5.72,278.5,0,Control,92.48,5.53,228.0,-8.91,
FRM-0586,Central,Medium (1-3 ha),2023-Q1,23,0,7,121.15,6.73,286.8,0,Control,132.38,5.69,290.8,11.23,
FRM-0587,North,Small (<1 ha),2023-Q3,37,0,6,110.83,3.93,63.7,0,Control,153.63,3.54,50.0,42.8,
FRM-0588,South,Medium (1-3 ha),2023-Q3,46,1,8,147.48,2.66,382.3,1,Treatment,98.79,3.86,461.5,-48.69,3.0
FRM-0589,North,Medium (1-3 ha),2023-Q3,60,1,3,116.46,5.53,493.7,0,Control,84.5,5.69,540.1,-31.96,
FRM-0590,Central,Medium (1-3 ha),2023-Q1,57,1,4,121.14,6.98,388.1,0,Control,161.4,6.89,513.6,40.26,
FRM-0591,Central,Small (<1 ha),2023-Q1,48,0,5,111.52,5.35,107.9,0,Control,98.79,5.35,153.6,-12.73,
FRM-0592,North,Medium (1-3 ha),2023-Q1,47,1,6,68.11,3.41,345.1,1,Treatment,91.68,4.14,335.7,23.57,4.0
FRM-0593,North,Small (<1 ha),2024-Q3,58,0,5,108.48,6.09,144.4,0,Control,93.33,5.29,185.6,-15.15,
FRM-0594,North,Medium (1-3 ha),2023-Q1,56,1,4,138.03,4.79,340.5,1,Treatment,99.01,5.51,374.5,-39.02,4.0
FRM-0595,North,Small (<1 ha),2024-Q1,51,1,7,70.08,5.17,262.1,0,Control,136.11,5.31,263.2,66.03,
FRM-0596,North,Medium (1-3 ha),2023-Q1,26,1,8,75.1,6.86,422.2,1,Treatment,89.43,6.8,559.9,14.33,4.0
FRM-0597,South,Small (<1 ha),2024-Q1,31,0,6,79.29,2.92,187.7,1,Treatment,121.59,3.74,309.5,42.3,5.0
FRM-0598,North,Small (<1 ha),2023-Q1,40,1,5,30.78,4.26,229.9,1,Treatment,20.0,4.93,358.4,-10.78,4.0
FRM-0599,North,Large (>3 ha),2024-Q1,45,1,8,116.27,6.25,578.3,0,Control,114.22,6.1,597.6,-2.05,
FRM-0600,South,Small (<1 ha),2023-Q1,60,0,8,20.0,5.26,184.5,0,Control,20.0,5.13,172.8,0.0,
FRM-0601,Central,Small (<1 ha),2023-Q1,28,1,7,96.39,6.44,291.9,1,Treatment,107.1,6.88,361.6,10.71,6.0
FRM-0602,Central,Medium (1-3 ha),2024-Q1,26,1,5,134.71,2.73,410.9,0,Control,106.78,2.92,303.1,-27.93,
FRM-0603,Central,Small (<1 ha),2023-Q1,38,1,4,106.49,4.01,135.7,0,Control,107.67,4.62,174.0,1.18,
FRM-0604,Central,Medium (1-3 ha),2023-Q3,51,1,3,116.93,2.82,402.6,1,Treatment,117.94,3.5,535.7,1.01,4.0
FRM-0605,North,Large (>3 ha),2024-Q1,42,0,5,120.56,2.04,648.4,0,Control,102.94,1.38,686.4,-17.62,
FRM-0606,South,Medium (1-3 ha),2024-Q3,52,1,3,194.07,3.98,360.6,1,Treatment,191.55,5.05,317.8,-2.52,3.0
FRM-0607,North,Small (<1 ha),2023-Q1,39,1,4,80.26,6.92,345.0,1,Treatment,113.56,7.38,490.1,33.3,4.0
FRM-0608,Central,Small (<1 ha),2024-Q3,64,0,4,60.49,2.39,198.2,0,Control,52.95,3.13,146.3,-7.54,
FRM-0609,South,Small (<1 ha),2023-Q1,28,0,6,159.66,3.77,204.4,0,Control,189.39,2.41,289.4,29.73,
FRM-0610,North,Medium (1-3 ha),2023-Q3,29,1,8,83.68,4.37,426.1,0,Control,82.84,4.4,518.3,-0.84,
FRM-0611,South,Small (<1 ha),2024-Q3,62,0,6,86.23,3.34,292.9,0,Control,104.5,3.29,261.3,18.27,
FRM-0612,Central,Small (<1 ha),2023-Q1,42,1,4,85.63,3.36,132.5,0,Control,114.84,2.58,80.5,29.21,
FRM-0613,North,Small (<1 ha),2023-Q1,44,1,5,60.17,2.06,235.0,0,Control,110.14,1.0,195.6,49.97,
FRM-0614,North,Medium (1-3 ha),2024-Q3,59,1,5,94.98,4.05,339.4,1,Treatment,80.97,3.37,401.1,-14.01,5.0
FRM-0615,North,Small (<1 ha),2023-Q3,28,1,5,150.9,6.91,300.0,1,Treatment,223.44,7.69,431.8,72.54,4.0
FRM-0616,North,Medium (1-3 ha),2023-Q3,52,0,6,121.55,5.18,275.4,1,Treatment,158.35,4.91,246.4,36.8,5.0
FRM-0617,Central,Small (<1 ha),2024-Q1,33,0,7,64.17,3.13,88.1,1,Treatment,97.11,4.02,126.6,32.94,3.0
FRM-0618,South,Medium (1-3 ha),2024-Q3,50,0,7,166.56,6.45,356.4,0,Control,110.43,6.36,316.6,-56.13,
FRM-0619,Central,Medium (1-3 ha),2023-Q3,34,0,4,127.67,3.87,269.4,1,Treatment,140.97,5.17,393.3,13.3,5.0
FRM-0620,South,Medium (1-3 ha),2024-Q3,36,1,8,146.15,6.81,377.9,0,Control,136.7,7.24,460.6,-9.45,
FRM-0621,Central,Small (<1 ha),2023-Q3,44,0,6,156.01,3.89,198.7,0,Control,164.37,2.8,171.2,8.36,
FRM-0622,Central,Small (<1 ha),2023-Q3,27,1,7,210.46,4.4,267.8,1,Treatment,229.1,3.32,420.1,18.64,6.0
FRM-0623,North,Medium (1-3 ha),2024-Q3,28,0,6,54.32,6.84,458.6,0,Control,26.86,6.14,477.1,-27.46,
FRM-0624,South,Large (>3 ha),2023-Q3,35,1,2,149.62,3.5,600.8,1,Treatment,220.57,4.42,592.0,70.95,4.0
FRM-0625,North,Medium (1-3 ha),2023-Q3,43,0,8,60.72,5.97,398.4,0,Control,75.69,4.84,339.7,14.97,
FRM-0626,North,Small (<1 ha),2024-Q1,25,0,4,39.71,2.1,217.2,0,Control,58.67,2.73,268.6,18.96,
FRM-0627,North,Small (<1 ha),2024-Q1,43,1,3,38.94,4.27,210.1,1,Treatment,131.94,4.84,341.2,93.0,5.0
FRM-0628,North,Large (>3 ha),2024-Q1,50,1,2,223.45,3.07,540.5,1,Treatment,266.64,3.7,597.7,43.19,4.0
FRM-0629,North,Small (<1 ha),2024-Q3,60,0,7,38.04,2.23,119.3,1,Treatment,20.0,3.04,191.0,-18.04,5.0
FRM-0630,South,Medium (1-3 ha),2023-Q1,49,0,8,190.18,2.58,426.9,0,Control,160.64,1.78,468.5,-29.54,
FRM-0631,South,Small (<1 ha),2023-Q1,54,0,2,103.33,5.15,151.8,1,Treatment,189.55,6.08,199.1,86.22,4.0
FRM-0632,South,Medium (1-3 ha),2023-Q1,25,0,8,100.43,2.9,427.3,0,Control,122.9,2.66,400.9,22.47,
FRM-0633,Central,Large (>3 ha),2023-Q3,54,1,2,197.31,2.42,408.0,0,Control,177.74,3.43,441.7,-19.57,
FRM-0634,Central,Large (>3 ha),2023-Q3,46,0,2,111.49,6.63,672.6,0,Control,118.47,7.1,688.8,6.98,
FRM-0635,South,Medium (1-3 ha),2023-Q3,36,1,6,174.53,6.88,516.8,0,Control,168.28,6.78,481.6,-6.25,
FRM-0636,North,Medium (1-3 ha),2023-Q1,58,1,3,173.35,3.89,343.6,1,Treatment,225.1,5.92,401.7,51.75,6.0
FRM-0637,North,Large (>3 ha),2023-Q1,39,0,8,161.26,4.47,567.1,0,Control,74.71,5.4,560.7,-86.55,
FRM-0638,Central,Small (<1 ha),2024-Q1,48,0,8,158.16,4.53,239.4,0,Control,197.66,4.2,288.9,39.5,
FRM-0639,Central,Small (<1 ha),2023-Q1,25,1,7,72.91,4.33,50.0,0,Control,74.33,4.4,50.8,1.42,
FRM-0640,North,Large (>3 ha),2024-Q3,35,1,8,214.49,3.5,572.9,0,Control,171.17,2.8,576.7,-43.32,
FRM-0641,Central,Small (<1 ha),2024-Q1,30,0,3,105.81,4.31,291.7,1,Treatment,130.63,4.42,446.9,24.82,5.0
FRM-0642,Central,Medium (1-3 ha),2023-Q3,36,1,7,163.79,4.64,455.5,1,Treatment,152.85,5.38,644.0,-10.94,5.0
FRM-0643,North,Small (<1 ha),2024-Q3,43,0,5,79.83,5.08,188.5,1,Treatment,132.51,4.67,314.6,52.68,5.0
FRM-0644,Central,Small (<1 ha),2023-Q1,31,1,4,95.87,4.78,284.9,0,Control,94.59,4.43,309.3,-1.28,
FRM-0645,North,Small (<1 ha),2024-Q3,44,1,5,49.16,6.27,308.3,0,Control,97.79,6.82,205.4,48.63,
FRM-0646,South,Large (>3 ha),2024-Q3,23,1,2,232.48,4.51,737.5,1,Treatment,218.92,4.95,777.6,-13.56,4.0
FRM-0647,North,Small (<1 ha),2023-Q1,50,0,8,92.51,3.54,155.5,0,Control,87.39,4.47,174.6,-5.12,
FRM-0648,North,Large (>3 ha),2024-Q3,35,0,4,109.49,3.96,533.2,1,Treatment,155.97,4.96,608.4,46.48,4.0
FRM-0649,Central,Medium (1-3 ha),2023-Q3,51,1,2,125.26,3.84,253.0,0,Control,168.61,4.37,241.0,43.35,
FRM-0650,North,Medium (1-3 ha),2023-Q3,50,1,8,92.22,6.02,384.8,0,Control,142.33,6.57,378.7,50.11,
FRM-0651,North,Small (<1 ha),2023-Q1,51,0,8,129.55,2.19,320.3,0,Control,151.45,1.97,287.1,21.9,
FRM-0652,Central,Small (<1 ha),2023-Q3,34,0,7,121.94,2.3,77.7,0,Control,118.12,2.94,188.9,-3.82,
FRM-0653,North,Small (<1 ha),2023-Q3,30,0,3,130.52,2.53,150.8,0,Control,157.2,2.78,163.7,26.68,
FRM-0654,South,Large (>3 ha),2023-Q3,41,1,7,246.34,2.46,677.3,1,Treatment,271.46,3.43,875.1,25.12,3.0
FRM-0655,North,Small (<1 ha),2024-Q1,27,1,8,103.28,2.37,274.2,1,Treatment,132.2,3.11,374.2,28.92,3.0
FRM-0656,North,Medium (1-3 ha),2023-Q1,22,0,3,139.27,4.17,374.1,0,Control,145.03,3.56,430.4,5.76,
FRM-0657,North,Medium (1-3 ha),2023-Q1,38,0,2,134.85,6.01,241.0,1,Treatment,174.26,7.54,287.9,39.41,3.0
FRM-0658,South,Small (<1 ha),2023-Q1,58,0,7,90.26,6.07,143.3,0,Control,85.48,6.45,105.5,-4.78,
FRM-0659,Central,Small (<1 ha),2023-Q3,56,0,6,40.31,6.4,251.7,0,Control,45.75,6.42,290.9,5.44,
FRM-0660,Central,Large (>3 ha),2024-Q1,49,0,3,65.6,2.26,676.3,1,Treatment,94.28,3.31,692.2,28.68,6.0
FRM-0661,North,Medium (1-3 ha),2023-Q1,35,0,8,160.19,3.88,291.6,1,Treatment,194.66,4.64,310.5,34.47,4.0
FRM-0662,North,Small (<1 ha),2023-Q1,55,0,2,49.8,4.02,127.8,1,Treatment,40.1,4.68,238.6,-9.7,4.0
FRM-0663,South,Small (<1 ha),2024-Q3,47,1,3,64.17,4.47,201.7,1,Treatment,47.84,5.42,372.3,-16.33,5.0
FRM-0664,Central,Large (>3 ha),2023-Q3,50,1,7,204.93,6.37,514.1,1,Treatment,202.98,7.37,567.1,-1.95,6.0
FRM-0665,Central,Small (<1 ha),2023-Q1,27,0,7,93.84,4.06,166.0,1,Treatment,154.63,5.57,242.5,60.79,4.0
FRM-0666,North,Small (<1 ha),2023-Q1,31,0,8,39.37,5.26,179.4,1,Treatment,79.63,5.42,275.5,40.26,6.0
FRM-0667,Central,Large (>3 ha),2023-Q3,23,0,6,208.15,2.75,606.4,0,Control,185.15,2.99,646.5,-23.0,
FRM-0668,North,Medium (1-3 ha),2023-Q1,64,0,6,147.05,5.02,329.1,1,Treatment,165.11,6.08,429.0,18.06,3.0
FRM-0669,North,Large (>3 ha),2023-Q1,54,0,2,92.42,5.13,692.9,1,Treatment,139.67,6.01,651.7,47.25,5.0
FRM-0670,Central,Small (<1 ha),2023-Q3,26,1,7,81.19,6.65,231.7,1,Treatment,76.75,8.43,340.3,-4.44,6.0
FRM-0671,South,Medium (1-3 ha),2024-Q3,23,0,2,142.33,2.88,285.5,0,Control,101.75,3.12,396.8,-40.58,
FRM-0672,Central,Large (>3 ha),2023-Q1,41,1,4,150.23,5.39,502.7,0,Control,77.39,5.39,584.4,-72.84,
FRM-0673,Central,Medium (1-3 ha),2024-Q3,53,0,4,144.07,5.22,432.6,1,Treatment,140.79,6.85,562.2,-3.28,4.0
FRM-0674,North,Small (<1 ha),2024-Q1,52,1,2,110.91,6.95,256.8,1,Treatment,122.05,7.83,300.4,11.14,2.0
FRM-0675,Central,Medium (1-3 ha),2024-Q1,50,1,4,104.32,3.0,408.3,0,Control,58.56,2.59,281.7,-45.76,
FRM-0676,Central,Small (<1 ha),2023-Q1,27,0,5,62.47,6.18,140.0,1,Treatment,69.93,7.34,324.9,7.46,3.0
FRM-0677,North,Small (<1 ha),2023-Q3,28,0,4,119.28,5.71,203.1,0,Control,158.68,4.94,247.0,39.4,
FRM-0678,South,Medium (1-3 ha),2024-Q3,36,1,4,113.65,2.47,450.6,1,Treatment,131.88,4.34,549.7,18.23,5.0
FRM-0679,North,Small (<1 ha),2023-Q1,54,0,8,189.58,3.17,257.6,1,Treatment,227.63,3.38,363.3,38.05,5.0
FRM-0680,Central,Large (>3 ha),2024-Q1,44,0,8,225.28,6.39,484.3,1,Treatment,259.02,7.17,536.7,33.74,4.0
FRM-0681,North,Small (<1 ha),2024-Q3,50,0,2,45.98,2.6,153.8,1,Treatment,116.87,3.16,221.7,70.89,4.0
FRM-0682,Central,Small (<1 ha),2024-Q1,44,0,5,52.36,6.46,135.3,0,Control,101.73,5.91,216.7,49.37,
FRM-0683,Central,Medium (1-3 ha),2024-Q3,40,0,6,214.77,6.58,364.0,1,Treatment,227.71,7.37,406.5,12.94,3.0
FRM-0684,North,Small (<1 ha),2023-Q3,26,0,3,151.3,4.02,262.0,1,Treatment,234.16,4.43,396.8,82.86,3.0
FRM-0685,North,Large (>3 ha),2023-Q3,28,0,3,182.59,6.75,546.6,1,Treatment,217.3,7.02,610.8,34.71,5.0
FRM-0686,Central,Medium (1-3 ha),2024-Q3,33,0,6,95.8,3.9,301.5,1,Treatment,140.37,5.18,455.8,44.57,5.0
FRM-0687,Central,Small (<1 ha),2024-Q3,29,0,2,35.43,6.54,253.6,1,Treatment,95.17,7.04,237.7,59.74,5.0
FRM-0688,Central,Small (<1 ha),2023-Q1,40,0,3,145.0,2.71,250.5,0,Control,141.89,2.44,151.7,-3.11,
FRM-0689,Central,Small (<1 ha),2023-Q3,64,1,4,175.58,5.3,288.6,1,Treatment,199.81,5.22,266.8,24.23,6.0
FRM-0690,Central,Medium (1-3 ha),2024-Q1,41,0,6,143.07,3.19,430.4,1,Treatment,94.9,2.92,616.4,-48.17,4.0
FRM-0691,Central,Small (<1 ha),2023-Q1,35,0,5,90.28,4.98,203.0,0,Control,182.45,5.02,166.0,92.17,
FRM-0692,South,Small (<1 ha),2024-Q1,57,0,8,120.92,5.01,152.5,0,Control,92.76,4.25,158.4,-28.16,
FRM-0693,South,Medium (1-3 ha),2024-Q1,55,1,8,131.52,6.83,304.3,0,Control,136.56,6.7,350.2,5.04,
FRM-0694,Central,Small (<1 ha),2024-Q3,29,1,8,131.62,2.47,58.5,1,Treatment,130.81,2.58,184.3,-0.81,5.0
FRM-0695,North,Small (<1 ha),2024-Q3,37,0,5,80.02,2.22,256.6,1,Treatment,126.87,3.25,380.4,46.85,4.0
FRM-0696,Central,Medium (1-3 ha),2023-Q1,42,1,5,38.75,4.6,378.5,0,Control,28.2,3.75,503.8,-10.55,
FRM-0697,North,Small (<1 ha),2023-Q3,25,0,3,71.35,4.73,180.4,1,Treatment,106.25,6.45,245.2,34.9,3.0
FRM-0698,North,Medium (1-3 ha),2023-Q1,43,0,3,105.79,6.54,495.6,1,Treatment,75.64,6.3,585.9,-30.15,5.0
FRM-0699,North,Small (<1 ha),2024-Q1,33,1,4,44.53,4.63,149.7,0,Control,71.03,4.82,174.1,26.5,
FRM-0700,North,Large (>3 ha),2023-Q3,30,0,6,146.43,5.94,591.1,0,Control,179.5,5.85,629.7,33.07,
FRM-0701,North,Large (>3 ha),2023-Q3,52,0,5,116.38,2.61,512.6,1,Treatment,205.91,3.25,636.5,89.53,6.0
FRM-0702,North,Small (<1 ha),2024-Q3,54,1,6,56.17,2.22,165.2,1,Treatment,70.5,3.38,372.7,14.33,4.0
FRM-0703,North,Medium (1-3 ha),2023-Q1,60,1,6,112.46,5.16,362.3,0,Control,158.89,4.38,322.0,46.43,
FRM-0704,Central,Small (<1 ha),2023-Q1,46,0,7,115.78,4.49,127.8,1,Treatment,140.7,4.96,254.7,24.92,5.0
FRM-0705,South,Small (<1 ha),2024-Q1,33,1,8,126.15,5.26,112.7,1,Treatment,121.83,5.62,231.0,-4.32,5.0
FRM-0706,Central,Small (<1 ha),2024-Q1,57,0,5,112.41,2.91,234.0,1,Treatment,129.32,3.63,283.5,16.91,5.0
FRM-0707,North,Medium (1-3 ha),2024-Q1,40,0,5,139.99,5.23,403.4,1,Treatment,168.75,6.0,521.0,28.76,5.0
FRM-0708,Central,Small (<1 ha),2024-Q1,25,1,5,108.25,5.69,162.4,0,Control,68.84,5.49,144.6,-39.41,
FRM-0709,Central,Small (<1 ha),2024-Q1,46,1,3,130.64,5.19,118.9,0,Control,120.05,5.14,168.7,-10.59,
FRM-0710,South,Medium (1-3 ha),2024-Q3,23,0,8,132.02,2.12,493.2,1,Treatment,148.47,2.68,659.1,16.45,4.0
FRM-0711,South,Medium (1-3 ha),2024-Q3,28,1,8,160.98,5.31,359.5,0,Control,162.53,5.72,380.1,1.55,
FRM-0712,South,Small (<1 ha),2023-Q3,45,1,2,135.07,6.57,136.0,0,Control,89.66,6.69,116.7,-45.41,
FRM-0713,North,Medium (1-3 ha),2024-Q1,38,0,3,154.28,5.51,408.6,1,Treatment,155.38,5.89,488.4,1.1,5.0
FRM-0714,Central,Small (<1 ha),2023-Q1,64,0,2,112.91,5.17,215.3,0,Control,159.6,5.44,252.0,46.69,
FRM-0715,South,Small (<1 ha),2024-Q3,31,0,7,50.7,5.24,112.7,0,Control,57.05,5.46,120.1,6.35,
FRM-0716,South,Medium (1-3 ha),2024-Q1,39,1,4,170.58,5.15,330.3,1,Treatment,222.89,5.19,447.4,52.31,6.0
FRM-0717,North,Large (>3 ha),2024-Q3,25,0,5,88.41,6.44,625.5,1,Treatment,153.91,7.21,564.5,65.5,4.0
FRM-0718,South,Small (<1 ha),2023-Q3,43,1,7,132.96,6.09,208.0,0,Control,99.39,6.08,167.1,-33.57,
FRM-0719,Central,Large (>3 ha),2024-Q1,41,0,6,177.22,5.99,453.7,1,Treatment,208.48,6.93,439.6,31.26,5.0
FRM-0720,North,Large (>3 ha),2023-Q3,32,1,8,179.31,5.12,725.9,1,Treatment,219.9,6.21,780.6,40.59,6.0
FRM-0721,South,Medium (1-3 ha),2023-Q3,59,0,7,87.8,6.76,310.7,0,Control,139.02,5.84,315.8,51.22,
FRM-0722,Central,Medium (1-3 ha),2023-Q3,52,0,5,171.57,2.66,308.3,0,Control,119.68,2.25,361.4,-51.89,
FRM-0723,Central,Small (<1 ha),2023-Q3,32,0,6,110.55,6.82,181.3,0,Control,128.28,6.21,202.1,17.73,
FRM-0724,Central,Small (<1 ha),2023-Q3,51,0,7,43.96,6.46,158.8,0,Control,61.02,6.25,184.6,17.06,
FRM-0725,South,Small (<1 ha),2023-Q3,63,0,2,135.75,6.86,64.8,1,Treatment,179.42,8.14,94.3,43.67,5.0
FRM-0726,South,Small (<1 ha),2024-Q1,29,0,7,124.16,6.37,180.6,0,Control,103.54,5.7,191.8,-20.62,
FRM-0727,North,Small (<1 ha),2023-Q3,33,1,7,135.68,4.04,155.8,1,Treatment,186.39,5.12,281.4,50.71,4.0
FRM-0728,Central,Small (<1 ha),2024-Q3,43,0,7,88.67,5.88,249.6,1,Treatment,87.25,6.57,372.2,-1.42,3.0
FRM-0729,North,Medium (1-3 ha),2024-Q3,28,0,2,99.23,3.58,325.3,0,Control,85.28,3.25,314.4,-13.95,
FRM-0730,North,Small (<1 ha),2024-Q1,58,1,7,74.33,4.68,194.2,1,Treatment,135.4,4.67,335.7,61.07,6.0
FRM-0731,Central,Small (<1 ha),2023-Q1,63,1,8,130.83,5.51,211.5,1,Treatment,102.21,5.97,298.8,-28.62,1.0
FRM-0732,Central,Small (<1 ha),2023-Q1,31,1,7,20.0,2.76,116.5,1,Treatment,35.64,2.61,173.6,15.64,5.0
FRM-0733,North,Medium (1-3 ha),2023-Q1,61,0,2,78.27,3.55,415.1,0,Control,86.41,2.38,395.2,8.14,
FRM-0734,North,Large (>3 ha),2024-Q1,29,0,7,159.48,4.97,676.5,0,Control,172.49,4.92,763.7,13.01,
FRM-0735,North,Small (<1 ha),2024-Q1,51,0,4,127.7,6.98,50.0,1,Treatment,229.59,8.04,110.2,101.89,5.0
FRM-0736,South,Large (>3 ha),2023-Q3,38,1,3,175.1,5.03,645.5,1,Treatment,194.29,6.04,750.2,19.19,3.0
FRM-0737,North,Small (<1 ha),2024-Q1,62,0,6,129.41,5.36,171.8,1,Treatment,162.13,6.01,309.8,32.72,4.0
FRM-0738,South,Medium (1-3 ha),2023-Q1,30,0,7,219.09,5.12,270.0,0,Control,170.09,4.36,302.5,-49.0,
FRM-0739,Central,Medium (1-3 ha),2023-Q1,29,1,4,90.65,5.83,279.1,1,Treatment,138.86,6.27,363.7,48.21,4.0
FRM-0740,North,Medium (1-3 ha),2023-Q1,62,1,7,58.28,5.9,369.6,0,Control,89.68,6.62,380.2,31.4,
FRM-0741,North,Small (<1 ha),2024-Q3,44,0,3,95.44,6.91,240.9,1,Treatment,201.05,7.07,286.7,105.61,4.0
FRM-0742,Central,Small (<1 ha),2024-Q1,39,0,3,119.05,4.96,245.1,1,Treatment,169.89,4.69,463.0,50.84,5.0
FRM-0743,South,Small (<1 ha),2024-Q1,49,0,7,64.31,2.95,194.5,1,Treatment,38.31,3.44,305.8,-26.0,6.0
FRM-0744,South,Large (>3 ha),2023-Q1,22,0,8,228.85,4.52,680.8,0,Control,251.38,5.04,635.6,22.53,
FRM-0745,Central,Medium (1-3 ha),2024-Q3,40,0,3,105.27,6.05,335.3,0,Control,59.68,7.3,407.7,-45.59,
FRM-0746,North,Large (>3 ha),2024-Q1,23,1,6,184.6,6.88,469.9,0,Control,232.03,6.84,550.2,47.43,
FRM-0747,North,Small (<1 ha),2024-Q3,35,1,4,43.33,2.21,248.0,1,Treatment,76.95,2.87,451.9,33.62,4.0
FRM-0748,North,Medium (1-3 ha),2023-Q1,25,0,6,74.15,4.9,346.4,0,Control,69.12,4.71,379.0,-5.03,
FRM-0749,South,Small (<1 ha),2024-Q3,29,1,7,130.1,5.81,138.1,0,Control,72.41,6.55,50.0,-57.69,
FRM-0750,North,Small (<1 ha),2024-Q3,60,0,8,92.61,2.43,113.4,0,Control,63.66,1.22,54.2,-28.95,
FRM-0751,North,Small (<1 ha),2023-Q1,30,0,7,74.34,3.36,344.2,1,Treatment,211.33,4.49,453.1,136.99,6.0
FRM-0752,North,Small (<1 ha),2023-Q1,55,1,5,97.92,4.69,264.0,1,Treatment,76.29,5.94,381.8,-21.63,5.0
FRM-0753,South,Small (<1 ha),2023-Q1,48,0,4,44.32,6.25,322.2,1,Treatment,20.0,6.66,377.6,-24.32,4.0
FRM-0754,North,Medium (1-3 ha),2024-Q1,23,1,8,137.65,5.15,432.7,1,Treatment,150.44,5.27,592.8,12.79,5.0
FRM-0755,North,Small (<1 ha),2023-Q3,35,0,8,109.86,5.87,222.7,0,Control,106.32,6.01,58.4,-3.54,
FRM-0756,North,Medium (1-3 ha),2023-Q3,48,0,3,78.91,3.51,564.0,0,Control,76.58,3.64,566.9,-2.33,
FRM-0757,South,Large (>3 ha),2024-Q1,47,1,6,88.41,3.31,681.6,0,Control,99.25,4.62,617.2,10.84,
FRM-0758,Central,Medium (1-3 ha),2023-Q1,57,1,4,128.71,5.68,404.7,1,Treatment,157.11,6.08,496.5,28.4,4.0
FRM-0759,North,Medium (1-3 ha),2023-Q1,43,0,2,109.23,2.87,427.1,0,Control,116.03,2.61,387.5,6.8,
FRM-0760,South,Large (>3 ha),2023-Q3,47,0,7,177.83,5.46,589.3,1,Treatment,221.16,6.53,697.8,43.33,5.0
FRM-0761,North,Large (>3 ha),2024-Q1,27,0,7,96.55,2.94,616.3,0,Control,82.49,2.8,607.6,-14.06,
FRM-0762,Central,Small (<1 ha),2024-Q1,46,1,7,54.45,5.99,213.5,1,Treatment,66.76,7.54,307.4,12.31,4.0
FRM-0763,South,Small (<1 ha),2023-Q1,57,1,8,82.31,4.46,239.3,1,Treatment,136.86,6.07,339.6,54.55,3.0
FRM-0764,North,Small (<1 ha),2023-Q3,40,1,5,137.48,3.45,291.0,1,Treatment,97.53,3.67,486.5,-39.95,4.0
FRM-0765,North,Small (<1 ha),2023-Q3,53,1,7,45.54,6.6,305.5,1,Treatment,52.03,7.71,508.4,6.49,5.0
FRM-0766,Central,Medium (1-3 ha),2024-Q3,29,0,8,99.04,6.65,332.0,1,Treatment,109.16,7.47,429.7,10.12,3.0
FRM-0767,Central,Medium (1-3 ha),2024-Q1,39,0,7,141.27,3.09,380.0,0,Control,77.41,3.25,431.9,-63.86,
FRM-0768,South,Small (<1 ha),2023-Q3,57,1,5,160.52,3.94,75.8,0,Control,129.82,4.29,123.2,-30.7,
FRM-0769,North,Medium (1-3 ha),2023-Q1,38,0,4,170.39,2.67,336.4,0,Control,194.03,2.37,320.3,23.64,
FRM-0770,North,Small (<1 ha),2024-Q3,60,1,5,71.23,5.18,139.3,0,Control,134.8,6.22,134.5,63.57,
FRM-0771,Central,Small (<1 ha),2023-Q3,34,0,5,96.59,2.67,100.8,0,Control,83.61,2.05,98.6,-12.98,
FRM-0772,Central,Small (<1 ha),2023-Q1,51,0,6,104.48,5.17,161.0,0,Control,134.42,5.33,130.6,29.94,
FRM-0773,Central,Medium (1-3 ha),2024-Q3,56,1,7,67.28,2.81,301.3,0,Control,33.77,2.82,276.9,-33.51,
FRM-0774,South,Small (<1 ha),2023-Q1,24,1,3,170.74,6.43,161.6,0,Control,146.17,7.97,105.2,-24.57,
FRM-0775,North,Small (<1 ha),2024-Q3,24,0,7,102.22,2.44,127.2,0,Control,22.96,1.76,104.2,-79.26,
FRM-0776,South,Medium (1-3 ha),2023-Q3,63,0,4,109.56,3.3,342.2,1,Treatment,61.67,4.65,397.3,-47.89,3.0
FRM-0777,Central,Medium (1-3 ha),2023-Q3,27,0,4,103.07,3.32,247.5,0,Control,138.6,3.72,169.4,35.53,
FRM-0778,Central,Medium (1-3 ha),2023-Q1,58,0,8,195.5,3.21,322.7,1,Treatment,159.91,3.94,356.6,-35.59,5.0
FRM-0779,Central,Medium (1-3 ha),2024-Q1,64,1,5,128.83,6.69,345.1,1,Treatment,166.5,7.47,485.6,37.67,4.0
FRM-0780,Central,Small (<1 ha),2023-Q3,43,1,7,162.99,5.59,182.3,0,Control,114.74,6.48,212.1,-48.25,
FRM-0781,Central,Small (<1 ha),2023-Q1,50,0,5,136.65,5.58,318.4,1,Treatment,170.39,5.29,377.3,33.74,5.0
FRM-0782,South,Large (>3 ha),2024-Q1,64,0,3,164.14,4.14,659.2,0,Control,173.69,3.59,636.0,9.55,
FRM-0783,Central,Medium (1-3 ha),2023-Q3,59,1,2,92.23,2.77,537.4,1,Treatment,141.83,2.74,637.6,49.6,3.0
FRM-0784,North,Medium (1-3 ha),2024-Q3,51,0,6,136.07,6.45,327.4,1,Treatment,127.7,6.76,438.5,-8.37,4.0
FRM-0785,South,Small (<1 ha),2024-Q3,53,0,4,152.39,6.18,237.7,0,Control,126.26,6.64,296.2,-26.13,
FRM-0786,Central,Small (<1 ha),2023-Q3,32,0,7,84.71,4.84,254.2,0,Control,164.6,4.42,278.3,79.89,
FRM-0787,South,Large (>3 ha),2023-Q3,23,0,6,204.46,4.03,606.5,1,Treatment,307.14,5.17,689.7,102.68,4.0
FRM-0788,South,Large (>3 ha),2023-Q1,31,1,3,200.62,4.53,640.8,0,Control,202.47,4.12,653.4,1.85,
FRM-0789,Central,Large (>3 ha),2023-Q1,31,1,2,186.13,2.75,574.4,0,Control,171.72,1.79,543.7,-14.41,
FRM-0790,North,Small (<1 ha),2024-Q1,28,0,5,20.0,2.03,115.3,1,Treatment,113.91,1.92,230.1,93.91,4.0
FRM-0791,South,Large (>3 ha),2023-Q3,49,0,6,125.21,6.1,598.5,1,Treatment,193.48,7.88,733.1,68.27,4.0
FRM-0792,North,Small (<1 ha),2024-Q1,45,1,3,71.85,2.99,128.8,1,Treatment,106.83,2.82,201.5,34.98,3.0
FRM-0793,Central,Medium (1-3 ha),2024-Q3,60,0,6,67.26,3.97,430.7,0,Control,74.66,4.37,392.6,7.4,
FRM-0794,Central,Medium (1-3 ha),2023-Q3,25,0,7,96.82,6.71,280.2,0,Control,95.16,5.93,201.0,-1.66,
FRM-0795,North,Small (<1 ha),2024-Q1,37,1,5,87.73,3.48,126.7,0,Control,77.93,2.92,118.5,-9.8,
FRM-0796,Central,Small (<1 ha),2023-Q1,26,0,2,22.06,4.69,251.0,0,Control,78.88,4.1,198.8,56.82,
FRM-0797,Central,Small (<1 ha),2023-Q3,28,0,2,61.85,4.43,166.0,0,Control,87.25,5.08,83.2,25.4,
FRM-0798,North,Large (>3 ha),2023-Q1,23,1,4,124.55,6.75,591.7,0,Control,111.69,5.6,639.0,-12.86,
FRM-0799,South,Large (>3 ha),2023-Q3,56,0,2,131.09,6.56,640.4,1,Treatment,159.29,7.51,685.9,28.2,6.0
FRM-0800,Central,Large (>3 ha),2023-Q1,52,0,6,138.18,4.65,636.4,1,Treatment,192.95,4.88,697.6,54.77,3.0
FRM-0801,Central,Medium (1-3 ha),2024-Q1,30,0,7,158.74,4.43,441.6,1,Treatment,212.66,5.52,663.8,53.92,6.0
FRM-0802,Central,Small (<1 ha),2024-Q1,34,0,2,45.84,4.37,90.9,0,Control,21.78,4.89,95.1,-24.06,
FRM-0803,South,Small (<1 ha),2024-Q1,54,0,6,106.46,2.35,115.4,1,Treatment,82.53,4.15,177.0,-23.93,6.0
FRM-0804,Central,Medium (1-3 ha),2023-Q3,52,0,7,125.59,6.07,452.9,1,Treatment,154.15,6.78,522.5,28.56,6.0
FRM-0805,North,Medium (1-3 ha),2023-Q1,32,1,2,84.06,3.92,253.2,1,Treatment,152.27,4.43,290.1,68.21,5.0
FRM-0806,North,Medium (1-3 ha),2023-Q1,26,0,3,106.21,3.77,290.9,0,Control,52.56,3.4,260.1,-53.65,
FRM-0807,North,Medium (1-3 ha),2024-Q1,59,1,3,128.07,3.24,468.8,1,Treatment,158.56,4.33,544.5,30.49,4.0
FRM-0808,Central,Medium (1-3 ha),2023-Q3,22,0,4,120.36,6.44,431.8,0,Control,116.91,8.23,362.8,-3.45,
FRM-0809,North,Small (<1 ha),2023-Q1,57,0,3,81.75,2.37,229.6,1,Treatment,145.81,1.91,318.3,64.06,6.0
FRM-0810,South,Small (<1 ha),2024-Q3,41,1,5,124.6,4.25,121.8,0,Control,147.31,5.7,161.8,22.71,
FRM-0811,Central,Medium (1-3 ha),2024-Q1,47,1,8,110.75,5.46,498.0,0,Control,71.05,6.25,538.2,-39.7,
FRM-0812,North,Small (<1 ha),2023-Q3,61,1,8,152.86,4.01,188.1,1,Treatment,213.37,4.35,274.2,60.51,4.0
FRM-0813,Central,Medium (1-3 ha),2024-Q1,29,0,5,135.45,5.42,326.7,0,Control,145.29,5.3,345.3,9.84,
FRM-0814,South,Medium (1-3 ha),2023-Q1,32,0,2,121.23,2.95,205.0,1,Treatment,108.94,3.94,144.7,-12.29,3.0
FRM-0815,Central,Large (>3 ha),2024-Q1,34,1,3,175.88,2.61,552.1,0,Control,157.44,3.54,525.5,-18.44,
FRM-0816,South,Medium (1-3 ha),2023-Q3,39,0,5,97.55,6.47,455.4,1,Treatment,83.2,6.97,566.3,-14.35,4.0
FRM-0817,North,Medium (1-3 ha),2023-Q3,26,0,7,112.02,4.08,444.7,0,Control,118.96,3.93,394.9,6.94,
FRM-0818,North,Medium (1-3 ha),2023-Q1,40,0,2,163.28,2.89,329.0,0,Control,173.48,2.63,365.8,10.2,
FRM-0819,South,Medium (1-3 ha),2023-Q1,40,1,6,162.7,2.04,441.7,0,Control,136.35,2.09,571.8,-26.35,
FRM-0820,Central,Small (<1 ha),2024-Q3,63,0,2,64.94,3.43,140.1,0,Control,68.8,3.54,96.5,3.86,
FRM-0821,North,Medium (1-3 ha),2023-Q3,51,0,3,40.91,4.55,420.8,1,Treatment,32.26,5.44,492.3,-8.65,4.0
FRM-0822,North,Small (<1 ha),2023-Q3,57,1,5,30.9,4.32,276.3,1,Treatment,60.13,4.81,397.7,29.23,4.0
FRM-0823,South,Large (>3 ha),2023-Q3,34,1,7,203.22,6.01,645.1,0,Control,195.26,5.82,595.9,-7.96,
FRM-0824,North,Small (<1 ha),2024-Q3,59,0,7,27.06,2.96,328.1,1,Treatment,84.54,4.13,456.4,57.48,5.0
FRM-0825,Central,Medium (1-3 ha),2023-Q3,29,1,8,131.05,6.53,454.0,1,Treatment,167.1,6.37,562.6,36.05,4.0
FRM-0826,Central,Small (<1 ha),2023-Q3,28,0,8,110.46,5.74,184.5,1,Treatment,158.26,6.6,316.5,47.8,5.0
FRM-0827,South,Medium (1-3 ha),2023-Q1,63,1,7,98.8,4.97,448.1,0,Control,42.13,4.93,457.1,-56.67,
FRM-0828,South,Large (>3 ha),2023-Q3,41,1,6,241.66,2.32,575.3,1,Treatment,230.07,2.77,577.2,-11.59,5.0
FRM-0829,South,Small (<1 ha),2024-Q1,59,0,5,181.59,6.91,178.4,0,Control,155.65,6.0,227.7,-25.94,
FRM-0830,Central,Large (>3 ha),2024-Q3,46,0,5,174.91,3.54,607.0,1,Treatment,220.97,4.46,608.0,46.06,5.0
FRM-0831,North,Small (<1 ha),2024-Q1,24,0,5,48.77,3.73,186.8,0,Control,86.46,4.32,255.1,37.69,
FRM-0832,North,Large (>3 ha),2024-Q1,26,1,4,77.32,4.12,588.6,0,Control,53.81,4.03,618.2,-23.51,
FRM-0833,Central,Medium (1-3 ha),2023-Q1,38,1,5,138.0,6.39,355.7,1,Treatment,172.36,7.63,488.5,34.36,4.0
FRM-0834,North,Small (<1 ha),2024-Q3,57,0,4,47.48,2.46,284.3,0,Control,20.0,2.92,352.4,-27.48,
FRM-0835,Central,Medium (1-3 ha),2024-Q1,52,0,5,124.66,5.49,362.0,0,Control,142.88,4.84,386.7,18.22,
FRM-0836,North,Large (>3 ha),2023-Q3,49,0,8,158.71,2.14,613.2,1,Treatment,136.59,2.88,789.3,-22.12,5.0
FRM-0837,Central,Small (<1 ha),2024-Q1,59,0,5,102.77,5.62,173.6,1,Treatment,158.2,6.52,308.1,55.43,6.0
FRM-0838,South,Small (<1 ha),2023-Q1,38,1,3,157.24,6.76,139.5,0,Control,197.53,6.48,124.6,40.29,
FRM-0839,North,Small (<1 ha),2023-Q3,43,0,6,64.62,3.25,84.1,1,Treatment,67.35,4.79,206.0,2.73,6.0
FRM-0840,South,Large (>3 ha),2024-Q3,56,0,4,229.01,6.04,663.0,0,Control,240.8,6.21,617.3,11.79,
FRM-0841,Central,Medium (1-3 ha),2023-Q3,53,0,6,53.8,5.93,432.0,1,Treatment,48.98,6.69,378.1,-4.82,5.0
FRM-0842,Central,Medium (1-3 ha),2023-Q1,26,1,2,72.88,4.86,391.8,0,Control,20.0,4.91,417.5,-52.88,
FRM-0843,Central,Small (<1 ha),2024-Q1,37,0,5,93.55,5.17,296.6,0,Control,139.77,5.37,254.6,46.22,
FRM-0844,Central,Small (<1 ha),2024-Q3,57,1,8,71.0,3.09,202.7,0,Control,105.25,3.42,188.8,34.25,
FRM-0845,Central,Large (>3 ha),2023-Q1,35,0,4,111.84,2.06,532.7,0,Control,77.22,3.09,528.9,-34.62,
FRM-0846,North,Small (<1 ha),2023-Q3,32,0,5,65.03,5.15,198.9,0,Control,58.93,4.97,185.4,-6.1,
FRM-0847,South,Large (>3 ha),2023-Q1,23,1,5,159.43,3.34,681.8,0,Control,122.88,4.16,601.7,-36.55,
FRM-0848,Central,Small (<1 ha),2023-Q3,37,1,6,141.5,2.26,266.3,0,Control,45.74,2.13,172.5,-95.76,
FRM-0849,Central,Medium (1-3 ha),2024-Q3,60,1,3,135.36,4.36,288.9,1,Treatment,128.64,5.47,294.2,-6.72,4.0
FRM-0850,Central,Small (<1 ha),2023-Q3,56,0,4,20.0,4.83,238.7,1,Treatment,20.0,6.84,247.2,0.0,6.0
FRM-0851,Central,Small (<1 ha),2024-Q3,52,0,8,155.72,4.04,172.0,1,Treatment,215.07,3.88,369.6,59.35,5.0
FRM-0852,South,Small (<1 ha),2023-Q3,45,0,2,108.09,3.96,195.7,0,Control,126.13,3.68,170.4,18.04,
FRM-0853,Central,Medium (1-3 ha),2023-Q3,33,1,3,107.7,2.18,202.5,1,Treatment,134.34,2.29,386.5,26.64,5.0
FRM-0854,Central,Medium (1-3 ha),2023-Q1,54,1,5,69.63,2.85,306.4,1,Treatment,79.39,3.08,458.2,9.76,5.0
FRM-0855,South,Small (<1 ha),2023-Q1,53,0,5,90.34,3.08,165.3,1,Treatment,96.9,3.21,248.3,6.56,6.0
FRM-0856,Central,Medium (1-3 ha),2023-Q1,24,0,2,189.23,3.41,358.2,0,Control,216.38,3.9,337.4,27.15,
FRM-0857,Central,Small (<1 ha),2024-Q3,26,1,6,112.17,6.62,191.3,1,Treatment,105.79,7.66,254.6,-6.38,3.0
FRM-0858,Central,Small (<1 ha),2023-Q3,41,1,4,123.67,5.33,199.8,0,Control,86.51,6.06,151.8,-37.16,
FRM-0859,Central,Small (<1 ha),2024-Q3,55,0,6,185.05,5.77,227.0,1,Treatment,193.41,6.6,353.6,8.36,5.0
FRM-0860,South,Medium (1-3 ha),2023-Q3,41,0,8,120.69,4.41,229.5,0,Control,141.54,4.71,249.1,20.85,
FRM-0861,South,Small (<1 ha),2023-Q3,39,1,5,99.45,5.11,97.0,0,Control,189.32,5.49,76.9,89.87,
FRM-0862,Central,Small (<1 ha),2024-Q1,23,1,6,94.81,2.84,277.6,0,Control,76.56,3.02,212.6,-18.25,
FRM-0863,North,Small (<1 ha),2023-Q1,44,0,2,89.92,2.35,238.9,1,Treatment,121.42,3.76,382.0,31.5,5.0
FRM-0864,Central,Small (<1 ha),2024-Q1,30,1,3,55.45,3.48,291.8,0,Control,34.07,4.02,258.8,-21.38,
FRM-0865,North,Medium (1-3 ha),2023-Q3,44,0,3,83.67,5.84,329.5,0,Control,90.8,5.83,465.9,7.13,
FRM-0866,North,Small (<1 ha),2023-Q3,46,1,6,107.81,5.04,163.4,0,Control,97.83,4.24,148.0,-9.98,
FRM-0867,North,Medium (1-3 ha),2023-Q1,48,1,4,131.22,5.23,335.3,0,Control,148.65,5.1,356.4,17.43,
FRM-0868,South,Small (<1 ha),2023-Q3,55,0,2,124.74,6.5,184.8,0,Control,48.96,6.52,232.7,-75.78,
FRM-0869,North,Medium (1-3 ha),2023-Q1,53,0,4,20.0,5.34,264.1,1,Treatment,137.22,5.96,354.4,117.22,6.0
FRM-0870,Central,Large (>3 ha),2023-Q3,53,0,2,174.0,4.44,656.7,1,Treatment,98.91,4.58,713.1,-75.09,4.0
FRM-0871,Central,Medium (1-3 ha),2024-Q3,37,0,4,108.0,4.11,353.8,1,Treatment,114.46,4.11,465.3,6.46,4.0
FRM-0872,Central,Large (>3 ha),2023-Q3,64,0,5,145.74,3.78,482.3,1,Treatment,176.32,4.62,415.0,30.58,5.0
FRM-0873,South,Small (<1 ha),2023-Q3,58,0,6,122.69,5.3,178.7,0,Control,155.49,4.45,213.1,32.8,
FRM-0874,South,Small (<1 ha),2023-Q3,30,1,8,92.43,4.17,131.9,1,Treatment,81.19,4.44,268.6,-11.24,4.0
FRM-0875,North,Medium (1-3 ha),2024-Q3,26,0,3,24.39,3.37,254.4,1,Treatment,135.02,3.47,339.6,110.63,5.0
FRM-0876,North,Small (<1 ha),2023-Q3,22,0,6,88.04,4.32,200.9,1,Treatment,173.16,6.0,267.4,85.12,5.0
FRM-0877,North,Medium (1-3 ha),2023-Q1,57,1,6,139.68,5.77,366.2,1,Treatment,157.29,6.55,489.5,17.61,6.0
FRM-0878,Central,Medium (1-3 ha),2024-Q3,28,0,4,147.43,5.2,309.0,1,Treatment,194.03,5.37,367.5,46.6,5.0
FRM-0879,North,Small (<1 ha),2024-Q1,33,0,7,93.98,3.57,125.9,1,Treatment,110.36,3.97,279.7,16.38,6.0
FRM-0880,Central,Small (<1 ha),2023-Q1,31,1,7,53.66,4.16,140.8,0,Control,88.84,2.91,182.2,35.18,
FRM-0881,North,Small (<1 ha),2023-Q1,43,0,7,112.58,2.61,196.9,0,Control,144.65,3.58,229.5,32.07,
FRM-0882,North,Small (<1 ha),2023-Q1,22,0,4,59.46,5.43,331.5,0,Control,48.25,4.85,281.7,-11.21,
FRM-0883,South,Small (<1 ha),2023-Q3,48,1,7,146.72,5.45,252.1,0,Control,140.97,5.13,210.0,-5.75,
FRM-0884,Central,Small (<1 ha),2024-Q1,25,0,2,108.97,2.2,86.3,1,Treatment,192.06,3.14,135.3,83.09,4.0
FRM-0885,South,Small (<1 ha),2023-Q1,43,1,4,52.08,6.19,227.0,0,Control,71.46,5.78,111.6,19.38,
FRM-0886,North,Small (<1 ha),2023-Q1,40,1,5,107.81,6.25,214.1,1,Treatment,104.67,7.91,418.2,-3.14,4.0
FRM-0887,North,Small (<1 ha),2023-Q3,33,0,8,132.14,6.18,86.0,1,Treatment,217.25,6.46,161.4,85.11,5.0
FRM-0888,North,Small (<1 ha),2023-Q3,22,0,8,134.69,4.45,215.1,0,Control,184.54,4.39,195.0,49.85,
FRM-0889,Central,Small (<1 ha),2023-Q3,51,0,6,113.47,6.18,216.1,1,Treatment,126.32,6.78,323.7,12.85,5.0
FRM-0890,North,Small (<1 ha),2023-Q3,43,0,4,63.13,4.36,204.7,1,Treatment,59.65,5.22,367.7,-3.48,4.0
FRM-0891,South,Small (<1 ha),2024-Q3,44,0,8,76.9,5.94,60.6,0,Control,23.79,4.93,75.3,-53.11,
FRM-0892,North,Medium (1-3 ha),2024-Q1,49,0,7,138.61,3.54,484.9,0,Control,141.29,2.98,529.8,2.68,
FRM-0893,South,Medium (1-3 ha),2023-Q1,45,0,6,129.53,2.48,367.4,0,Control,181.65,2.51,364.3,52.12,
FRM-0894,Central,Medium (1-3 ha),2024-Q3,59,0,4,144.99,3.33,400.0,1,Treatment,137.68,3.85,578.4,-7.31,4.0
FRM-0895,North,Large (>3 ha),2024-Q3,38,0,8,198.84,6.94,757.3,1,Treatment,243.26,8.09,891.9,44.42,4.0
FRM-0896,South,Large (>3 ha),2024-Q3,30,0,4,125.82,2.61,641.1,0,Control,69.02,2.18,547.8,-56.8,
FRM-0897,North,Medium (1-3 ha),2023-Q3,53,0,5,110.09,3.57,308.2,0,Control,124.71,2.95,360.7,14.62,
FRM-0898,North,Small (<1 ha),2023-Q1,50,0,2,83.15,3.82,204.8,1,Treatment,187.62,4.64,314.1,104.47,4.0
FRM-0899,Central,Small (<1 ha),2023-Q3,54,1,2,100.8,6.97,109.2,1,Treatment,135.09,7.48,283.5,34.29,4.0
FRM-0900,South,Small (<1 ha),2024-Q1,57,0,2,135.73,2.0,263.8,0,Control,154.59,2.11,245.2,18.86,
FRM-0901,Central,Medium (1-3 ha),2024-Q3,45,0,3,134.99,3.76,359.0,0,Control,127.22,2.97,324.7,-7.77,
FRM-0902,South,Small (<1 ha),2023-Q3,63,1,6,110.76,6.13,257.2,1,Treatment,87.94,7.91,421.9,-22.82,3.0
FRM-0903,North,Large (>3 ha),2024-Q1,30,0,7,169.68,5.66,616.0,0,Control,174.29,6.28,530.2,4.61,
FRM-0904,Central,Medium (1-3 ha),2023-Q1,60,1,5,151.97,6.14,362.3,0,Control,236.5,5.28,298.2,84.53,
FRM-0905,North,Small (<1 ha),2024-Q1,45,1,5,119.81,5.02,225.3,1,Treatment,123.03,5.57,379.0,3.22,6.0
FRM-0906,Central,Small (<1 ha),2024-Q1,59,1,8,20.0,5.17,67.6,0,Control,27.48,4.41,116.8,7.48,
FRM-0907,South,Small (<1 ha),2023-Q3,54,1,4,106.67,5.95,143.6,1,Treatment,111.14,7.05,265.5,4.47,6.0
FRM-0908,North,Medium (1-3 ha),2024-Q1,57,0,3,167.88,5.84,289.8,1,Treatment,197.02,6.92,362.6,29.14,4.0
FRM-0909,Central,Medium (1-3 ha),2024-Q1,27,0,5,65.28,2.05,241.5,0,Control,51.79,1.29,291.8,-13.49,
FRM-0910,South,Large (>3 ha),2024-Q3,58,0,5,130.82,3.89,602.8,0,Control,169.3,3.59,618.4,38.48,
FRM-0911,South,Small (<1 ha),2023-Q3,26,0,8,154.25,5.43,253.4,1,Treatment,208.96,6.49,308.2,54.71,6.0
FRM-0912,Central,Small (<1 ha),2023-Q3,53,1,3,106.89,4.07,226.3,1,Treatment,86.08,3.96,281.9,-20.81,5.0
FRM-0913,South,Small (<1 ha),2023-Q1,54,0,6,96.73,6.54,221.0,1,Treatment,94.4,7.4,255.2,-2.33,3.0
FRM-0914,South,Small (<1 ha),2024-Q3,37,0,3,101.26,3.01,269.1,0,Control,56.6,3.05,172.6,-44.66,
FRM-0915,Central,Medium (1-3 ha),2023-Q3,25,0,8,138.76,6.11,413.6,1,Treatment,219.15,6.74,529.4,80.39,4.0
FRM-0916,Central,Medium (1-3 ha),2023-Q3,46,0,5,26.24,6.22,257.3,1,Treatment,28.0,6.16,262.1,1.76,2.0
FRM-0917,North,Medium (1-3 ha),2023-Q1,51,1,4,73.54,2.17,386.6,0,Control,79.45,2.4,365.3,5.91,
FRM-0918,North,Small (<1 ha),2023-Q1,44,0,2,62.97,2.19,103.5,0,Control,65.44,1.56,109.9,2.47,
FRM-0919,North,Medium (1-3 ha),2023-Q3,25,0,2,120.96,3.97,300.6,1,Treatment,151.59,4.17,425.8,30.63,6.0
FRM-0920,North,Small (<1 ha),2023-Q1,59,1,5,78.26,3.03,234.0,1,Treatment,71.56,3.83,247.6,-6.7,3.0
FRM-0921,Central,Medium (1-3 ha),2023-Q1,24,0,2,199.95,5.28,380.9,1,Treatment,193.24,6.39,329.8,-6.71,6.0
FRM-0922,Central,Small (<1 ha),2024-Q3,58,0,4,98.91,3.37,236.6,0,Control,126.88,2.8,219.2,27.97,
FRM-0923,North,Small (<1 ha),2023-Q1,55,0,3,113.43,4.75,50.0,1,Treatment,99.92,4.6,159.0,-13.51,5.0
FRM-0924,Central,Medium (1-3 ha),2024-Q3,57,0,7,82.11,3.47,318.7,1,Treatment,178.93,4.33,379.7,96.82,4.0
FRM-0925,North,Large (>3 ha),2024-Q3,44,1,6,96.29,6.9,660.8,1,Treatment,116.56,6.64,727.9,20.27,5.0
FRM-0926,Central,Medium (1-3 ha),2023-Q1,60,0,5,55.98,3.99,296.2,1,Treatment,88.42,4.71,344.3,32.44,6.0
FRM-0927,South,Medium (1-3 ha),2023-Q3,54,0,7,81.19,2.53,391.5,1,Treatment,172.9,3.19,437.1,91.71,5.0
FRM-0928,Central,Small (<1 ha),2024-Q1,45,0,4,65.45,2.26,245.4,1,Treatment,131.44,3.89,423.8,65.99,5.0
FRM-0929,South,Small (<1 ha),2023-Q3,23,0,3,79.58,2.44,143.2,0,Control,29.46,3.35,102.4,-50.12,
FRM-0930,North,Small (<1 ha),2023-Q3,35,0,2,130.57,6.11,85.1,0,Control,102.05,6.33,83.3,-28.52,
FRM-0931,North,Small (<1 ha),2024-Q1,58,0,6,100.48,6.76,288.3,1,Treatment,75.79,6.98,410.1,-24.69,5.0
FRM-0932,North,Large (>3 ha),2023-Q1,29,1,6,184.4,2.52,429.6,0,Control,231.11,3.51,533.5,46.71,
FRM-0933,South,Small (<1 ha),2023-Q1,45,0,8,207.36,6.8,150.8,1,Treatment,198.32,7.21,282.8,-9.04,5.0
FRM-0934,Central,Medium (1-3 ha),2023-Q3,22,1,4,148.09,2.45,325.7,1,Treatment,126.38,3.77,382.5,-21.71,5.0
FRM-0935,Central,Small (<1 ha),2024-Q3,63,1,7,147.52,3.11,240.0,1,Treatment,255.91,3.42,328.6,108.39,1.0
FRM-0936,South,Small (<1 ha),2023-Q1,63,0,4,81.85,4.71,140.8,1,Treatment,97.95,6.21,261.3,16.1,5.0
FRM-0937,Central,Medium (1-3 ha),2023-Q3,33,0,7,142.34,6.32,85.8,1,Treatment,131.8,6.93,116.0,-10.54,4.0
FRM-0938,Central,Medium (1-3 ha),2023-Q3,35,0,3,181.89,2.15,198.1,1,Treatment,166.42,3.61,193.1,-15.47,3.0
FRM-0939,Central,Medium (1-3 ha),2023-Q1,28,0,8,166.18,3.12,500.3,1,Treatment,235.86,4.91,557.0,69.68,4.0
FRM-0940,North,Small (<1 ha),2024-Q3,32,0,2,100.37,6.71,219.4,1,Treatment,112.18,7.09,396.8,11.81,3.0
FRM-0941,South,Small (<1 ha),2023-Q1,36,1,2,140.66,2.95,209.8,1,Treatment,105.82,4.55,319.6,-34.84,5.0
FRM-0942,North,Medium (1-3 ha),2023-Q1,45,1,4,153.82,3.3,354.3,1,Treatment,198.8,4.32,460.3,44.98,5.0
FRM-0943,Central,Large (>3 ha),2024-Q3,25,1,7,158.93,5.07,617.5,1,Treatment,208.04,6.47,694.4,49.11,3.0
FRM-0944,South,Large (>3 ha),2024-Q1,48,1,6,169.65,3.17,655.1,0,Control,132.25,3.28,671.5,-37.4,
FRM-0945,Central,Medium (1-3 ha),2023-Q3,48,0,3,157.9,3.45,249.6,0,Control,219.6,4.2,277.6,61.7,
FRM-0946,South,Small (<1 ha),2023-Q3,63,1,3,88.34,3.29,50.0,1,Treatment,80.42,2.28,139.3,-7.92,5.0
FRM-0947,North,Large (>3 ha),2024-Q1,50,1,7,127.34,6.3,781.0,0,Control,123.24,5.52,677.2,-4.1,
FRM-0948,Central,Small (<1 ha),2023-Q1,28,1,2,95.31,6.55,81.4,1,Treatment,177.89,7.73,195.9,82.58,3.0
FRM-0949,North,Small (<1 ha),2023-Q1,60,0,6,137.49,5.22,264.5,0,Control,146.15,4.33,309.3,8.66,
FRM-0950,South,Small (<1 ha),2023-Q1,61,0,5,224.75,5.65,110.5,1,Treatment,220.01,7.2,160.5,-4.74,5.0
FRM-0951,Central,Small (<1 ha),2023-Q3,52,1,8,33.71,2.98,82.8,1,Treatment,91.65,4.16,190.9,57.94,4.0
FRM-0952,North,Medium (1-3 ha),2024-Q1,54,0,7,68.4,4.4,392.4,0,Control,82.49,4.62,358.6,14.09,
FRM-0953,North,Medium (1-3 ha),2023-Q1,49,0,7,123.26,5.83,329.0,1,Treatment,144.38,6.24,495.8,21.12,6.0
FRM-0954,North,Medium (1-3 ha),2024-Q1,43,0,5,115.24,6.69,466.0,1,Treatment,153.53,7.15,529.1,38.29,6.0
FRM-0955,Central,Small (<1 ha),2024-Q1,32,0,2,99.37,2.98,343.4,1,Treatment,157.34,4.0,451.0,57.97,4.0
FRM-0956,South,Medium (1-3 ha),2024-Q1,36,1,8,115.54,4.59,277.1,0,Control,64.43,4.62,281.6,-51.11,
FRM-0957,North,Small (<1 ha),2024-Q3,53,1,7,66.84,2.57,50.0,1,Treatment,71.38,3.6,205.1,4.54,6.0
FRM-0958,North,Medium (1-3 ha),2024-Q1,31,1,6,171.99,4.42,232.5,0,Control,196.41,4.74,269.9,24.42,
FRM-0959,North,Small (<1 ha),2023-Q3,61,0,8,87.57,5.96,224.3,0,Control,69.06,5.7,260.1,-18.51,
FRM-0960,South,Small (<1 ha),2023-Q1,56,1,6,82.32,3.05,172.1,0,Control,66.5,4.11,208.1,-15.82,
FRM-0961,Central,Small (<1 ha),2023-Q1,47,1,5,78.07,6.88,220.6,1,Treatment,100.04,6.85,342.2,21.97,5.0
FRM-0962,South,Medium (1-3 ha),2023-Q1,24,1,2,119.52,5.07,378.8,1,Treatment,141.91,7.44,510.0,22.39,6.0
FRM-0963,North,Large (>3 ha),2023-Q1,49,1,4,110.06,6.14,496.8,1,Treatment,89.8,6.19,486.6,-20.26,6.0
FRM-0964,Central,Small (<1 ha),2023-Q3,22,0,3,124.02,2.59,243.4,0,Control,181.96,2.69,253.8,57.94,
FRM-0965,Central,Small (<1 ha),2024-Q1,44,0,3,84.79,4.24,247.5,1,Treatment,130.79,5.21,386.9,46.0,4.0
FRM-0966,Central,Large (>3 ha),2024-Q3,32,1,5,146.47,4.69,388.1,0,Control,144.95,4.68,519.9,-1.52,
FRM-0967,North,Medium (1-3 ha),2023-Q1,33,0,2,125.67,6.61,489.0,0,Control,113.64,6.24,485.6,-12.03,
FRM-0968,Central,Small (<1 ha),2023-Q3,31,1,6,138.12,3.26,243.5,1,Treatment,172.56,3.65,365.6,34.44,6.0
FRM-0969,South,Medium (1-3 ha),2023-Q3,61,1,4,137.12,6.12,363.5,1,Treatment,185.4,6.86,403.0,48.28,5.0
FRM-0970,Central,Medium (1-3 ha),2024-Q1,42,1,2,102.88,5.78,472.2,0,Control,102.03,5.8,432.3,-0.85,
FRM-0971,North,Small (<1 ha),2024-Q1,31,1,8,115.11,5.12,223.0,0,Control,104.4,4.4,193.8,-10.71,
FRM-0972,North,Small (<1 ha),2023-Q3,40,1,2,107.79,4.23,51.0,1,Treatment,111.73,5.49,177.5,3.94,3.0
FRM-0973,South,Small (<1 ha),2023-Q1,60,1,3,64.05,5.87,240.9,0,Control,25.75,4.9,253.3,-38.3,
FRM-0974,South,Small (<1 ha),2024-Q3,54,0,7,74.4,6.32,113.7,1,Treatment,131.78,6.93,112.9,57.38,5.0
FRM-0975,Central,Small (<1 ha),2023-Q1,47,1,2,85.48,6.74,226.6,0,Control,112.98,7.3,272.5,27.5,
FRM-0976,South,Small (<1 ha),2023-Q3,28,0,4,80.94,6.4,127.0,1,Treatment,119.37,6.84,186.6,38.43,5.0
FRM-0977,South,Large (>3 ha),2023-Q3,35,1,8,208.66,6.75,567.2,0,Control,196.17,6.88,545.4,-12.49,
FRM-0978,Central,Medium (1-3 ha),2023-Q3,48,1,5,161.78,5.95,397.8,0,Control,164.47,6.23,443.0,2.69,
FRM-0979,South,Large (>3 ha),2023-Q1,34,1,6,181.49,6.35,651.2,1,Treatment,211.83,7.05,703.3,30.34,3.0
FRM-0980,Central,Small (<1 ha),2023-Q1,54,0,3,119.52,4.47,335.0,1,Treatment,75.11,4.55,542.8,-44.41,6.0
FRM-0981,North,Large (>3 ha),2023-Q3,26,0,2,197.47,6.97,564.6,1,Treatment,240.11,8.43,661.0,42.64,4.0
FRM-0982,North,Medium (1-3 ha),2024-Q1,25,1,5,157.09,5.62,420.2,0,Control,127.18,7.06,430.3,-29.91,
FRM-0983,South,Small (<1 ha),2024-Q3,58,1,2,100.45,5.26,318.0,0,Control,125.24,5.39,219.1,24.79,
FRM-0984,Central,Medium (1-3 ha),2023-Q1,39,1,3,104.71,6.84,371.5,0,Control,166.99,7.21,408.9,62.28,
FRM-0985,North,Large (>3 ha),2023-Q3,45,1,5,192.68,5.53,589.8,1,Treatment,187.05,6.72,636.4,-5.63,5.0
FRM-0986,South,Medium (1-3 ha),2023-Q3,30,0,4,217.23,3.17,387.0,0,Control,176.53,2.93,336.7,-40.7,
FRM-0987,North,Medium (1-3 ha),2023-Q1,32,1,6,125.25,6.58,258.4,1,Treatment,203.42,7.43,387.0,78.17,6.0
FRM-0988,North,Medium (1-3 ha),2023-Q1,44,0,7,151.69,4.52,355.1,1,Treatment,138.29,5.26,450.4,-13.4,4.0
FRM-0989,North,Large (>3 ha),2023-Q3,49,0,5,100.78,6.23,459.8,0,Control,117.33,5.97,389.4,16.55,
FRM-0990,South,Medium (1-3 ha),2024-Q3,27,0,6,200.54,3.67,343.6,1,Treatment,229.39,3.49,409.6,28.85,6.0
FRM-0991,North,Small (<1 ha),2024-Q1,62,0,4,136.2,3.71,168.5,0,Control,113.42,3.26,245.2,-22.78,
FRM-0992,North,Medium (1-3 ha),2023-Q1,36,0,3,103.08,4.62,247.2,1,Treatment,91.72,5.29,356.5,-11.36,5.0
FRM-0993,Central,Large (>3 ha),2023-Q1,29,0,4,88.74,4.92,679.3,1,Treatment,92.86,5.35,696.0,4.12,6.0
FRM-0994,North,Small (<1 ha),2023-Q3,59,0,3,141.25,4.44,135.0,1,Treatment,203.64,5.04,322.8,62.39,6.0
FRM-0995,Central,Small (<1 ha),2024-Q3,34,0,6,152.61,4.94,191.9,0,Control,137.98,3.55,135.4,-14.63,
FRM-0996,Central,Small (<1 ha),2024-Q3,54,0,6,114.45,6.83,145.6,1,Treatment,122.92,8.01,187.6,8.47,4.0
FRM-0997,Central,Small (<1 ha),2024-Q1,58,1,3,20.0,5.96,190.0,1,Treatment,20.0,7.07,363.8,0.0,6.0
FRM-0998,Central,Small (<1 ha),2023-Q3,28,0,5,87.95,2.67,307.9,0,Control,108.56,2.33,340.0,20.61,
FRM-0999,South,Small (<1 ha),2024-Q1,43,1,6,115.79,2.6,269.6,0,Control,124.07,2.94,184.0,8.28,
FRM-1000,South,Large (>3 ha),2023-Q3,45,0,3,192.23,4.85,779.6,0,Control,172.35,5.48,790.8,-19.88,
FRM-1001,North,Medium (1-3 ha),2024-Q1,27,0,4,157.83,6.84,332.2,0,Control,126.97,5.01,371.2,-30.86,
FRM-1002,South,Medium (1-3 ha),2024-Q3,36,1,6,189.44,4.95,272.8,1,Treatment,198.62,5.11,351.8,9.18,4.0
FRM-1003,Central,Medium (1-3 ha),2024-Q3,23,1,2,92.97,3.73,362.1,1,Treatment,119.63,3.39,499.5,26.66,5.0
FRM-1004,North,Medium (1-3 ha),2024-Q1,29,1,4,56.5,5.8,298.2,0,Control,65.45,5.9,278.6,8.95,
FRM-1005,Central,Small (<1 ha),2023-Q1,26,1,2,52.5,5.77,252.5,1,Treatment,20.0,7.21,259.5,-32.5,4.0
FRM-1006,Central,Small (<1 ha),2023-Q3,42,1,6,51.82,4.65,180.8,0,Control,66.59,4.31,179.0,14.77,
FRM-1007,South,Medium (1-3 ha),2024-Q1,59,1,8,161.96,6.99,367.5,0,Control,172.04,6.32,190.3,10.08,
FRM-1008,South,Medium (1-3 ha),2024-Q3,43,0,5,125.55,2.17,98.5,0,Control,131.85,2.56,164.3,6.3,
FRM-1009,Central,Small (<1 ha),2023-Q3,41,0,3,135.7,3.33,133.4,0,Control,174.18,3.08,134.3,38.48,
FRM-1010,North,Small (<1 ha),2023-Q3,52,0,4,42.74,6.47,173.5,1,Treatment,91.22,7.74,396.7,48.48,5.0
FRM-1011,Central,Medium (1-3 ha),2023-Q3,47,1,4,120.43,4.42,233.9,1,Treatment,106.77,5.17,364.8,-13.66,6.0
FRM-1012,Central,Small (<1 ha),2023-Q1,31,1,4,77.4,3.95,161.7,1,Treatment,60.44,4.31,315.9,-16.96,5.0
FRM-1013,South,Medium (1-3 ha),2024-Q1,57,1,5,158.48,6.6,244.5,1,Treatment,277.77,5.87,278.8,119.29,4.0
FRM-1014,Central,Medium (1-3 ha),2023-Q1,54,1,2,181.68,2.13,358.5,1,Treatment,251.38,2.65,582.1,69.7,6.0
FRM-1015,Central,Medium (1-3 ha),2023-Q1,43,0,2,172.91,4.0,355.9,0,Control,173.61,4.54,383.7,0.7,
FRM-1016,Central,Medium (1-3 ha),2024-Q3,22,1,2,153.2,4.47,349.7,0,Control,137.5,3.99,269.2,-15.7,
FRM-1017,South,Large (>3 ha),2023-Q1,40,0,6,116.55,3.15,451.0,1,Treatment,125.15,4.7,570.8,8.6,4.0
FRM-1018,North,Small (<1 ha),2024-Q1,60,0,4,69.58,5.94,133.2,1,Treatment,87.05,7.14,330.3,17.47,5.0
FRM-1019,Central,Medium (1-3 ha),2023-Q1,60,1,6,143.34,5.67,332.4,0,Control,186.68,5.39,467.9,43.34,
FRM-1020,North,Medium (1-3 ha),2024-Q3,39,1,4,82.09,6.41,268.1,0,Control,61.4,7.32,288.1,-20.69,
FRM-1021,Central,Large (>3 ha),2023-Q3,42,0,8,176.06,3.74,824.8,1,Treatment,148.53,4.29,879.3,-27.53,6.0
FRM-1022,Central,Medium (1-3 ha),2024-Q3,53,1,6,184.16,6.15,227.9,0,Control,198.94,6.32,241.2,14.78,
FRM-1023,North,Small (<1 ha),2024-Q3,43,1,8,66.34,4.88,120.8,0,Control,63.22,5.06,61.4,-3.12,
FRM-1024,North,Small (<1 ha),2024-Q1,23,1,6,76.52,3.71,193.0,0,Control,112.54,4.04,266.3,36.02,
FRM-1025,North,Medium (1-3 ha),2023-Q1,38,1,5,99.8,5.36,283.9,0,Control,76.69,4.4,235.0,-23.11,
FRM-1026,South,Medium (1-3 ha),2023-Q1,47,1,2,145.2,3.68,400.5,0,Control,145.8,4.2,355.8,0.6,
FRM-1027,Central,Small (<1 ha),2023-Q3,57,0,2,130.51,3.62,195.5,1,Treatment,161.71,3.64,411.2,31.2,4.0
FRM-1028,Central,Medium (1-3 ha),2024-Q1,42,1,2,113.77,4.97,251.5,1,Treatment,149.0,4.57,316.2,35.23,6.0
FRM-1029,Central,Small (<1 ha),2024-Q1,51,0,6,97.83,3.03,204.4,1,Treatment,91.19,2.93,326.6,-6.64,5.0
FRM-1030,Central,Small (<1 ha),2023-Q1,37,0,3,115.05,2.97,60.9,1,Treatment,114.63,4.26,161.6,-0.42,5.0
FRM-1031,South,Large (>3 ha),2024-Q3,38,1,6,160.24,4.59,519.7,0,Control,198.21,5.76,604.0,37.97,
FRM-1032,North,Small (<1 ha),2023-Q3,52,0,8,139.04,5.49,246.9,1,Treatment,152.06,6.31,261.2,13.02,6.0
FRM-1033,South,Small (<1 ha),2024-Q3,39,0,4,141.96,4.94,273.2,0,Control,181.14,4.57,208.7,39.18,
FRM-1034,South,Small (<1 ha),2024-Q1,38,1,2,124.78,5.35,381.6,1,Treatment,188.01,6.63,531.9,63.23,3.0
FRM-1035,North,Medium (1-3 ha),2024-Q1,60,0,8,77.02,6.48,268.6,1,Treatment,91.63,7.51,332.0,14.61,3.0
FRM-1036,Central,Small (<1 ha),2023-Q3,24,0,8,146.36,5.51,232.1,1,Treatment,185.54,8.35,419.8,39.18,6.0
FRM-1037,South,Medium (1-3 ha),2024-Q3,41,0,5,30.3,2.45,297.7,0,Control,63.5,1.83,238.9,33.2,
FRM-1038,Central,Small (<1 ha),2024-Q3,63,1,7,53.24,3.51,262.6,0,Control,94.73,3.21,330.9,41.49,
FRM-1039,South,Medium (1-3 ha),2024-Q1,59,1,6,144.17,4.54,227.4,0,Control,142.28,4.56,152.8,-1.89,
FRM-1040,North,Medium (1-3 ha),2023-Q3,55,1,7,65.41,3.05,380.7,1,Treatment,132.9,4.24,404.1,67.49,6.0
FRM-1041,Central,Small (<1 ha),2024-Q1,56,0,7,123.25,4.87,50.0,0,Control,150.87,4.85,104.7,27.62,
FRM-1042,Central,Small (<1 ha),2023-Q3,25,1,3,131.2,5.29,71.0,0,Control,118.1,5.67,110.6,-13.1,
FRM-1043,Central,Medium (1-3 ha),2023-Q3,36,1,7,78.31,6.67,303.4,0,Control,119.07,6.47,288.9,40.76,
FRM-1044,Central,Small (<1 ha),2023-Q1,29,0,2,155.51,6.82,401.0,1,Treatment,157.25,7.38,521.7,1.74,5.0
FRM-1045,South,Medium (1-3 ha),2023-Q1,54,1,5,135.97,4.1,344.3,0,Control,225.25,3.73,403.3,89.28,
FRM-1046,Central,Small (<1 ha),2023-Q1,42,1,5,94.05,3.3,283.4,1,Treatment,90.8,3.84,417.2,-3.25,5.0
FRM-1047,North,Medium (1-3 ha),2023-Q1,45,0,8,142.61,3.43,459.3,0,Control,148.7,3.82,403.4,6.09,
FRM-1048,North,Small (<1 ha),2023-Q1,47,0,4,60.53,3.57,287.3,1,Treatment,91.03,4.62,320.3,30.5,6.0
FRM-1049,North,Medium (1-3 ha),2023-Q1,59,1,8,54.16,3.89,249.6,1,Treatment,141.8,3.93,278.6,87.64,2.0
FRM-1050,Central,Small (<1 ha),2024-Q1,31,1,7,62.1,2.32,254.4,1,Treatment,78.46,3.18,357.8,16.36,5.0
FRM-1051,Central,Large (>3 ha),2024-Q1,63,1,3,186.26,5.15,563.5,1,Treatment,238.57,6.08,585.5,52.31,5.0
FRM-1052,Central,Large (>3 ha),2024-Q3,42,1,6,148.78,5.45,653.0,0,Control,95.31,5.33,728.5,-53.47,
FRM-1053,North,Small (<1 ha),2024-Q1,56,1,2,55.28,6.66,244.6,1,Treatment,128.67,8.24,308.0,73.39,5.0
FRM-1054,North,Small (<1 ha),2023-Q1,43,0,3,144.22,5.0,284.1,0,Control,94.98,5.11,317.5,-49.24,
FRM-1055,Central,Small (<1 ha),2024-Q3,27,0,8,41.87,6.74,159.2,0,Control,21.58,6.8,162.1,-20.29,
FRM-1056,North,Medium (1-3 ha),2023-Q1,57,1,3,137.34,2.79,311.1,0,Control,122.09,2.67,357.3,-15.25,
FRM-1057,Central,Small (<1 ha),2024-Q1,41,0,8,139.13,3.84,443.9,1,Treatment,141.63,4.61,469.6,2.5,4.0
FRM-1058,South,Small (<1 ha),2024-Q3,35,1,2,91.64,3.41,283.3,1,Treatment,212.85,4.3,326.2,121.21,6.0
FRM-1059,Central,Small (<1 ha),2023-Q1,55,0,6,108.89,4.98,149.7,0,Control,124.37,5.41,128.6,15.48,
FRM-1060,Central,Small (<1 ha),2023-Q3,42,1,8,119.85,3.74,184.7,1,Treatment,188.87,3.81,303.7,69.02,4.0
FRM-1061,North,Small (<1 ha),2024-Q3,36,0,2,61.7,3.33,281.0,0,Control,45.62,3.66,241.8,-16.08,
FRM-1062,North,Medium (1-3 ha),2024-Q1,49,0,7,142.49,4.53,417.3,0,Control,158.8,4.54,437.7,16.31,
FRM-1063,South,Medium (1-3 ha),2023-Q1,53,1,3,110.75,6.53,426.8,0,Control,149.48,6.79,408.8,38.73,
FRM-1064,Central,Small (<1 ha),2023-Q3,22,1,7,109.18,3.89,101.3,0,Control,162.2,3.93,50.0,53.02,
FRM-1065,Central,Medium (1-3 ha),2024-Q1,22,1,8,61.91,3.0,332.9,1,Treatment,73.89,3.68,458.3,11.98,4.0
FRM-1066,North,Small (<1 ha),2023-Q1,52,0,7,97.28,4.71,169.7,0,Control,91.46,5.5,193.2,-5.82,
FRM-1067,South,Small (<1 ha),2023-Q3,55,1,7,109.94,5.78,268.5,1,Treatment,109.41,7.06,281.9,-0.53,6.0
FRM-1068,Central,Small (<1 ha),2023-Q3,64,0,8,40.04,6.65,107.6,1,Treatment,66.93,7.97,109.2,26.89,4.0
FRM-1069,North,Large (>3 ha),2023-Q3,44,0,8,107.61,2.27,584.2,0,Control,163.83,2.92,517.1,56.22,
FRM-1070,Central,Small (<1 ha),2024-Q3,61,1,5,20.0,3.95,169.7,0,Control,20.0,4.38,128.9,0.0,
FRM-1071,South,Small (<1 ha),2023-Q3,34,0,6,134.45,4.16,401.9,0,Control,87.47,3.98,387.6,-46.98,
FRM-1072,South,Medium (1-3 ha),2023-Q1,23,1,6,63.89,6.08,407.7,1,Treatment,133.89,6.74,561.2,70.0,3.0
FRM-1073,South,Medium (1-3 ha),2024-Q3,48,0,8,148.06,3.34,446.3,1,Treatment,145.73,2.86,557.2,-2.33,5.0
FRM-1074,Central,Medium (1-3 ha),2024-Q1,40,0,6,88.5,3.66,350.3,1,Treatment,53.61,4.23,528.1,-34.89,6.0
FRM-1075,Central,Small (<1 ha),2024-Q3,48,1,3,70.54,3.6,385.3,0,Control,88.99,3.97,321.8,18.45,
FRM-1076,South,Small (<1 ha),2024-Q1,28,0,2,71.37,5.77,396.7,1,Treatment,34.98,7.16,548.4,-36.39,5.0
FRM-1077,North,Small (<1 ha),2024-Q1,56,0,8,72.33,5.88,156.4,1,Treatment,86.45,5.96,318.0,14.12,4.0
FRM-1078,North,Small (<1 ha),2023-Q1,40,1,8,110.39,5.84,260.9,0,Control,103.61,6.97,276.1,-6.78,
FRM-1079,Central,Medium (1-3 ha),2024-Q1,63,1,4,194.21,2.61,385.9,1,Treatment,203.28,3.07,471.8,9.07,4.0
FRM-1080,Central,Medium (1-3 ha),2023-Q1,32,0,6,116.14,2.66,300.8,1,Treatment,178.91,2.96,284.5,62.77,6.0
FRM-1081,South,Large (>3 ha),2024-Q1,60,0,7,170.1,4.67,543.6,1,Treatment,163.44,5.91,567.5,-6.66,5.0
FRM-1082,South,Small (<1 ha),2023-Q3,46,0,8,86.56,6.05,218.0,0,Control,31.43,5.25,294.3,-55.13,
FRM-1083,Central,Medium (1-3 ha),2023-Q1,38,1,2,69.31,6.56,354.7,1,Treatment,141.84,7.74,485.8,72.53,6.0
FRM-1084,North,Small (<1 ha),2024-Q1,35,0,7,85.34,3.68,292.0,0,Control,154.35,3.59,318.0,69.01,
FRM-1085,Central,Small (<1 ha),2023-Q1,57,0,6,85.26,2.75,51.6,0,Control,117.85,2.87,50.8,32.59,
FRM-1086,South,Small (<1 ha),2023-Q1,34,1,8,76.15,4.38,268.4,0,Control,99.54,4.98,275.7,23.39,
FRM-1087,North,Large (>3 ha),2023-Q3,24,0,4,123.87,2.56,539.3,0,Control,90.58,2.86,593.3,-33.29,
FRM-1088,North,Small (<1 ha),2023-Q3,26,0,3,93.85,3.59,164.2,0,Control,139.71,4.4,211.8,45.86,
FRM-1089,South,Small (<1 ha),2024-Q1,45,1,5,206.34,4.78,50.0,0,Control,236.14,5.47,83.8,29.8,
FRM-1090,South,Large (>3 ha),2023-Q1,35,0,7,193.55,3.24,554.4,0,Control,221.03,4.17,611.5,27.48,
FRM-1091,North,Small (<1 ha),2023-Q1,41,0,7,79.57,6.39,192.3,1,Treatment,82.71,6.54,359.7,3.14,5.0
FRM-1092,North,Small (<1 ha),2023-Q1,60,0,3,74.2,5.3,207.5,1,Treatment,116.37,5.89,418.6,42.17,6.0
FRM-1093,North,Medium (1-3 ha),2024-Q1,40,1,3,93.87,6.01,258.1,1,Treatment,161.82,6.45,297.2,67.95,6.0
FRM-1094,North,Small (<1 ha),2024-Q3,38,0,4,112.97,4.25,138.7,1,Treatment,132.46,5.84,195.7,19.49,3.0
FRM-1095,North,Small (<1 ha),2024-Q3,28,0,3,20.0,4.61,249.3,0,Control,20.0,4.37,288.1,0.0,
FRM-1096,Central,Small (<1 ha),2023-Q1,29,1,2,64.4,4.56,213.3,0,Control,20.0,5.76,255.1,-44.4,
FRM-1097,Central,Small (<1 ha),2023-Q1,31,0,6,133.03,4.99,184.8,1,Treatment,146.89,5.44,295.2,13.86,5.0
FRM-1098,North,Small (<1 ha),2023-Q1,26,1,2,116.77,5.52,335.0,1,Treatment,150.19,6.04,496.3,33.42,4.0
FRM-1099,South,Medium (1-3 ha),2023-Q1,28,0,3,163.56,5.19,304.2,1,Treatment,205.14,5.68,336.4,41.58,4.0
FRM-1100,South,Small (<1 ha),2023-Q3,51,0,8,40.67,4.79,267.4,1,Treatment,94.47,6.25,314.3,53.8,4.0
FRM-1101,Central,Small (<1 ha),2023-Q3,27,0,5,123.74,4.54,253.2,1,Treatment,177.26,6.21,336.4,53.52,5.0
FRM-1102,North,Small (<1 ha),2023-Q1,60,1,8,99.4,3.7,164.6,0,Control,59.21,3.13,72.2,-40.19,
FRM-1103,South,Medium (1-3 ha),2023-Q1,63,0,4,126.11,3.13,253.4,0,Control,134.56,3.24,299.8,8.45,
FRM-1104,North,Small (<1 ha),2023-Q3,27,1,7,47.29,5.29,236.6,1,Treatment,66.91,5.38,377.4,19.62,5.0
FRM-1105,South,Small (<1 ha),2024-Q1,51,0,4,51.16,4.79,116.4,0,Control,54.05,4.89,140.1,2.89,
FRM-1106,North,Medium (1-3 ha),2023-Q1,34,0,4,161.42,5.54,330.9,0,Control,138.63,5.18,430.3,-22.79,
FRM-1107,Central,Medium (1-3 ha),2024-Q1,55,1,8,83.47,4.41,411.8,0,Control,98.1,4.24,478.7,14.63,
FRM-1108,Central,Small (<1 ha),2023-Q3,29,1,3,88.36,4.8,210.3,1,Treatment,97.75,4.75,276.6,9.39,6.0
FRM-1109,Central,Medium (1-3 ha),2024-Q1,36,0,8,48.55,4.48,327.6,0,Control,20.0,4.22,385.7,-28.55,
FRM-1110,North,Small (<1 ha),2023-Q3,25,1,4,116.49,6.74,116.4,1,Treatment,103.11,7.43,149.8,-13.38,3.0
FRM-1111,North,Medium (1-3 ha),2023-Q3,28,0,6,84.41,4.15,405.3,0,Control,137.29,4.3,390.3,52.88,
FRM-1112,South,Large (>3 ha),2023-Q3,53,0,5,160.24,5.13,467.2,1,Treatment,185.95,5.43,478.9,25.71,5.0
FRM-1113,North,Small (<1 ha),2024-Q1,44,0,6,62.53,3.25,188.9,1,Treatment,98.14,4.52,296.2,35.61,6.0
FRM-1114,Central,Medium (1-3 ha),2023-Q1,41,1,5,131.3,5.0,483.0,0,Control,207.92,4.07,645.5,76.62,
FRM-1115,South,Medium (1-3 ha),2023-Q3,51,1,5,105.73,2.13,366.5,0,Control,85.51,2.53,314.2,-20.22,
FRM-1116,North,Small (<1 ha),2024-Q3,56,1,3,87.93,4.86,309.6,0,Control,71.39,4.19,236.4,-16.54,
FRM-1117,South,Small (<1 ha),2023-Q1,27,0,3,130.55,6.15,235.8,0,Control,159.09,5.8,271.6,28.54,
FRM-1118,North,Large (>3 ha),2023-Q3,23,1,3,82.92,5.41,568.1,1,Treatment,33.0,6.24,573.4,-49.92,5.0
FRM-1119,Central,Small (<1 ha),2023-Q1,55,0,6,106.33,2.27,59.8,1,Treatment,122.69,2.02,226.5,16.36,5.0
FRM-1120,South,Small (<1 ha),2023-Q3,23,1,2,211.33,5.07,163.5,0,Control,258.57,5.3,87.6,47.24,
FRM-1121,North,Medium (1-3 ha),2023-Q3,56,0,4,174.07,7.0,104.8,0,Control,180.31,7.32,96.0,6.24,
FRM-1122,Central,Small (<1 ha),2024-Q3,48,0,7,145.79,4.86,179.7,0,Control,148.59,4.87,218.6,2.8,
FRM-1123,Central,Medium (1-3 ha),2023-Q3,34,0,8,71.89,4.86,370.7,0,Control,137.63,4.61,374.4,65.74,
FRM-1124,South,Small (<1 ha),2024-Q3,59,0,2,108.24,6.86,104.6,1,Treatment,132.81,7.88,236.5,24.57,5.0
FRM-1125,Central,Medium (1-3 ha),2024-Q3,29,1,5,160.54,6.23,362.1,1,Treatment,194.65,7.74,460.7,34.11,6.0
FRM-1126,North,Medium (1-3 ha),2023-Q1,58,1,5,116.66,5.66,410.9,0,Control,149.12,5.81,418.7,32.46,
FRM-1127,North,Medium (1-3 ha),2023-Q3,42,1,4,166.15,4.65,411.8,1,Treatment,164.82,5.2,494.6,-1.33,5.0
FRM-1128,Central,Small (<1 ha),2024-Q1,30,1,5,80.63,3.87,155.9,0,Control,104.75,3.87,165.0,24.12,
FRM-1129,South,Small (<1 ha),2024-Q1,53,1,6,112.57,3.61,256.7,1,Treatment,187.66,3.97,386.8,75.09,4.0
FRM-1130,North,Medium (1-3 ha),2023-Q1,30,0,6,106.63,2.22,374.1,1,Treatment,109.29,2.29,482.1,2.66,5.0
FRM-1131,North,Large (>3 ha),2023-Q1,40,1,3,159.2,4.39,595.8,0,Control,191.65,4.22,607.6,32.45,
FRM-1132,North,Small (<1 ha),2024-Q1,35,0,5,49.46,2.87,218.7,0,Control,79.93,3.21,206.1,30.47,
FRM-1133,Central,Small (<1 ha),2024-Q3,35,1,7,20.0,3.99,215.6,0,Control,20.0,4.38,261.3,0.0,
FRM-1134,Central,Small (<1 ha),2023-Q3,51,1,2,87.94,4.85,237.2,1,Treatment,126.23,5.23,352.9,38.29,4.0
FRM-1135,North,Small (<1 ha),2024-Q1,24,1,5,72.76,2.15,159.8,0,Control,142.26,2.06,75.1,69.5,
FRM-1136,South,Small (<1 ha),2023-Q3,40,1,3,111.6,2.72,243.1,1,Treatment,200.24,2.94,267.4,88.64,6.0
FRM-1137,South,Medium (1-3 ha),2023-Q3,36,0,7,209.75,6.85,350.7,0,Control,216.27,7.21,414.5,6.52,
FRM-1138,North,Medium (1-3 ha),2023-Q3,50,0,7,115.03,3.61,272.1,1,Treatment,90.79,4.39,272.7,-24.24,6.0
FRM-1139,North,Small (<1 ha),2023-Q3,43,1,8,45.72,6.08,189.5,1,Treatment,86.27,6.3,306.4,40.55,5.0
FRM-1140,North,Small (<1 ha),2023-Q3,39,0,6,55.57,4.75,50.0,0,Control,107.23,4.54,58.9,51.66,
FRM-1141,South,Large (>3 ha),2023-Q1,43,0,4,122.14,4.12,587.0,1,Treatment,110.14,4.31,568.9,-12.0,6.0
FRM-1142,North,Medium (1-3 ha),2023-Q3,42,1,4,61.36,5.51,335.9,1,Treatment,26.0,6.06,492.8,-35.36,3.0
FRM-1143,North,Small (<1 ha),2024-Q3,28,1,6,37.79,6.32,184.2,1,Treatment,86.62,8.14,212.5,48.83,5.0
FRM-1144,South,Medium (1-3 ha),2023-Q1,30,0,6,98.4,6.79,327.5,1,Treatment,123.01,7.85,416.6,24.61,5.0
FRM-1145,North,Large (>3 ha),2023-Q3,35,0,5,160.38,5.16,521.6,1,Treatment,179.71,4.22,624.6,19.33,6.0
FRM-1146,Central,Small (<1 ha),2024-Q3,29,1,5,117.45,3.23,97.7,0,Control,150.64,2.81,86.3,33.19,
FRM-1147,Central,Large (>3 ha),2023-Q1,57,0,6,109.23,5.58,573.0,0,Control,91.89,6.26,621.6,-17.34,
FRM-1148,North,Medium (1-3 ha),2024-Q3,64,0,8,110.37,6.2,205.7,1,Treatment,138.61,6.56,351.5,28.24,6.0
FRM-1149,Central,Medium (1-3 ha),2023-Q3,42,0,4,104.2,5.33,357.3,1,Treatment,107.31,6.19,345.4,3.11,5.0
FRM-1150,North,Small (<1 ha),2024-Q1,28,1,2,77.27,2.66,250.1,1,Treatment,75.42,4.24,386.4,-1.85,5.0
FRM-1151,Central,Small (<1 ha),2023-Q3,31,1,8,67.78,5.6,260.9,0,Control,45.24,6.08,260.6,-22.54,
FRM-1152,Central,Medium (1-3 ha),2023-Q1,35,0,4,86.47,2.18,247.3,0,Control,89.19,2.84,317.3,2.72,
FRM-1153,North,Medium (1-3 ha),2024-Q3,57,0,6,188.9,4.74,451.1,1,Treatment,237.32,5.3,420.8,48.42,5.0
FRM-1154,South,Small (<1 ha),2024-Q3,61,1,6,226.13,2.34,101.4,1,Treatment,288.27,2.21,276.6,62.14,5.0
FRM-1155,South,Small (<1 ha),2023-Q1,38,0,3,117.11,5.42,50.0,1,Treatment,152.19,7.41,165.7,35.08,6.0
FRM-1156,Central,Small (<1 ha),2023-Q1,33,0,6,63.06,2.34,140.7,1,Treatment,116.75,3.73,358.6,53.69,5.0
FRM-1157,Central,Small (<1 ha),2023-Q1,49,0,3,99.53,3.65,77.0,0,Control,85.44,3.57,50.0,-14.09,
FRM-1158,South,Small (<1 ha),2024-Q1,34,0,3,89.78,6.16,112.9,1,Treatment,69.07,6.47,135.4,-20.71,3.0
FRM-1159,South,Small (<1 ha),2024-Q1,29,0,2,49.37,2.07,206.3,0,Control,30.24,2.59,210.7,-19.13,
FRM-1160,South,Medium (1-3 ha),2023-Q3,60,0,4,202.19,2.44,283.5,1,Treatment,260.51,4.01,402.1,58.32,6.0
FRM-1161,Central,Small (<1 ha),2023-Q1,62,0,2,122.78,5.62,286.4,1,Treatment,130.31,6.42,402.6,7.53,4.0
FRM-1162,South,Large (>3 ha),2024-Q1,28,0,7,157.75,2.52,692.3,0,Control,102.37,3.29,665.8,-55.38,
FRM-1163,Central,Small (<1 ha),2023-Q3,49,1,7,115.56,3.73,136.7,1,Treatment,107.39,4.29,259.1,-8.17,4.0
FRM-1164,South,Small (<1 ha),2024-Q3,39,0,7,114.59,2.04,269.5,1,Treatment,220.87,2.8,378.7,106.28,6.0
FRM-1165,South,Large (>3 ha),2024-Q3,45,0,2,160.58,4.54,581.9,0,Control,171.12,4.54,545.7,10.54,
FRM-1166,Central,Small (<1 ha),2023-Q1,44,0,3,120.18,3.71,59.4,1,Treatment,218.36,3.43,208.1,98.18,5.0
FRM-1167,South,Small (<1 ha),2024-Q3,52,0,6,179.43,6.59,293.8,0,Control,136.77,6.66,242.1,-42.66,
FRM-1168,South,Medium (1-3 ha),2023-Q3,25,0,3,122.81,5.21,275.3,0,Control,172.86,3.95,359.4,50.05,
FRM-1169,Central,Small (<1 ha),2024-Q1,57,0,2,79.44,3.16,224.0,1,Treatment,219.96,3.58,468.3,140.52,4.0
FRM-1170,South,Medium (1-3 ha),2023-Q3,33,1,7,100.55,4.41,513.9,0,Control,121.47,4.39,542.7,20.92,
FRM-1171,Central,Large (>3 ha),2024-Q3,44,0,2,43.33,3.48,685.4,0,Control,20.0,2.73,694.3,-23.33,
FRM-1172,North,Small (<1 ha),2024-Q3,42,1,2,20.79,3.76,50.0,0,Control,20.0,3.51,130.8,-0.79,
FRM-1173,North,Small (<1 ha),2024-Q1,52,0,4,92.15,5.75,244.5,0,Control,123.59,4.94,134.7,31.44,
FRM-1174,Central,Small (<1 ha),2023-Q1,33,0,7,139.88,6.37,68.6,1,Treatment,159.76,7.1,191.8,19.88,5.0
FRM-1175,North,Small (<1 ha),2023-Q3,62,1,8,56.12,4.14,155.3,0,Control,60.91,4.22,214.9,4.79,
FRM-1176,Central,Large (>3 ha),2023-Q3,36,1,2,155.14,3.57,636.5,0,Control,106.83,4.28,492.0,-48.31,
FRM-1177,South,Small (<1 ha),2024-Q3,56,1,8,163.91,6.3,148.6,1,Treatment,179.95,6.5,235.0,16.04,5.0
FRM-1178,Central,Medium (1-3 ha),2024-Q1,23,1,5,99.19,2.33,570.0,0,Control,59.08,3.37,557.4,-40.11,
FRM-1179,South,Small (<1 ha),2023-Q3,38,0,3,114.16,4.77,50.0,1,Treatment,119.47,5.95,107.8,5.31,4.0
FRM-1180,Central,Medium (1-3 ha),2023-Q3,29,0,8,117.62,3.15,252.0,0,Control,104.6,1.98,332.5,-13.02,
FRM-1181,North,Medium (1-3 ha),2023-Q3,43,0,4,131.9,5.7,314.3,0,Control,210.21,5.93,342.3,78.31,
FRM-1182,North,Medium (1-3 ha),2023-Q3,57,0,5,78.45,5.44,236.2,0,Control,74.03,5.0,257.9,-4.42,
FRM-1183,North,Small (<1 ha),2024-Q1,41,0,2,69.58,6.73,246.5,1,Treatment,124.63,8.18,394.3,55.05,6.0
FRM-1184,North,Medium (1-3 ha),2023-Q3,46,0,8,134.16,5.75,408.9,0,Control,125.26,5.37,412.2,-8.9,
FRM-1185,North,Small (<1 ha),2023-Q3,62,1,7,114.7,5.04,120.9,0,Control,149.43,4.44,80.4,34.73,
FRM-1186,North,Small (<1 ha),2024-Q1,40,1,3,77.58,6.86,167.4,0,Control,39.64,7.49,145.4,-37.94,
FRM-1187,Central,Small (<1 ha),2024-Q3,40,0,5,144.57,5.92,230.9,1,Treatment,139.45,6.53,385.9,-5.12,6.0
FRM-1188,South,Large (>3 ha),2024-Q1,39,0,5,141.53,5.94,593.0,1,Treatment,139.18,7.57,643.8,-2.35,6.0
FRM-1189,North,Large (>3 ha),2023-Q3,59,0,6,134.65,4.67,615.9,1,Treatment,127.96,4.97,674.0,-6.69,6.0
FRM-1190,South,Medium (1-3 ha),2023-Q1,34,0,7,81.38,2.75,277.2,0,Control,74.75,1.93,271.2,-6.63,
FRM-1191,North,Large (>3 ha),2023-Q3,23,0,2,91.71,4.17,744.3,0,Control,67.91,4.07,777.4,-23.8,
FRM-1192,North,Small (<1 ha),2023-Q3,43,1,7,101.13,6.81,225.5,0,Control,137.81,6.92,281.1,36.68,
FRM-1193,Central,Small (<1 ha),2024-Q1,43,1,6,67.51,4.7,146.9,0,Control,24.92,3.92,110.8,-42.59,
FRM-1194,Central,Medium (1-3 ha),2023-Q3,49,0,6,103.95,4.97,281.5,1,Treatment,102.47,6.32,255.7,-1.48,6.0
FRM-1195,Central,Small (<1 ha),2024-Q3,22,1,2,48.46,2.03,50.0,0,Control,103.05,2.93,88.2,54.59,
FRM-1196,North,Small (<1 ha),2024-Q1,44,0,3,192.1,4.53,238.5,1,Treatment,170.93,5.21,378.6,-21.17,4.0
FRM-1197,North,Medium (1-3 ha),2023-Q3,45,1,6,111.2,3.07,307.1,1,Treatment,106.58,4.34,381.6,-4.62,5.0
FRM-1198,South,Small (<1 ha),2023-Q3,46,1,4,68.49,6.62,219.6,0,Control,20.0,6.52,238.6,-48.49,
FRM-1199,North,Small (<1 ha),2023-Q1,44,1,6,112.68,3.15,144.4,1,Treatment,142.81,3.02,226.0,30.13,4.0
FRM-1200,North,Small (<1 ha),2024-Q3,61,0,5,100.88,2.95,223.7,1,Treatment,128.73,3.88,256.3,27.85,6.0
